sample_id,TCTATCCGCTGGAATTGCTCATGGTGGAGCTTCAGTTGATTTAGCTATTTTTTCTCTACATTTAGCAGGAATTTCTTCAATTTTAGGAGCTGTAAATTTTATTACAACTGTAATTAATATACGATCAACAGGAATTTCATTAGATCGTATACCTTTATTTGTTTGATCAGTAGTTATTACTGCTTTATTATTATTATTATCACTT,CCTATCAAACTCTATATTCCATAGTGGCTACTCAGTAGACATAGCAATTTTTTCTTTACATTTAGCAGGAATTTCATCAATTCTAGGAGCTATCAATTTTATTACTACTATTATTAATATGCGAAGATGTCTACATAACATAGAAGTAATTCCCTTATTTGTATGATCAGTATTAATTACTGCTTTCCTTTTACTTCTTGCCTTA,TTTATCTTTAACTTTAGGACATAGGGGGGTTGCTGTAGATTTTGCTATTTTTTCTTTACATTTAGCAGGTATTTCTTCAATTATGGGAGCTATCAATTTTATTAGTACTATTTTTAATATACGATGTTTTAATGTTAAAATAGATCAAATTTCATTATTAATTTGATCTGTGTTAATTACAGCAGTTTTATTATTATTATCTCTA,CCTATCGTCTGTTATTGCACACGGAGGGGCTTCAGTTGATTTAGCTATTTTCTCACTTCACTTAGCTGGTATCTCATCGATTTTAGGAGCAGTAAATTTCATTACAACAGTTATTAATATACGATCTACAGGAATTTCATTTGACCGAATGCCTCTTTTCGTTTGAGCAGTTGTATTAACAGCCCTATTACTTTTACTATCATTGC,ACTCTCATCCAATATCGCCCACGGAGGTTCATCTGTAGATTTGGCCATTTTTAGACTTCATTTAGCTGGAATTTCATCCATTTTAGGAGCAGTGAATTTTATTACTACTGTAATTAATATACGACCCACAGGAATAACATTTGATCGAATACCCCTATTCGTTTGAGCTGTTGTTATTACCGCAATTCTACTGCTTCTTTCACTAC,TTTATCTGCTGGAATTGCCCACGGTGGAGCTTCAGTTGATTTAGCTATTTTTTCTTTACACTTAGCGGGAATTTCCTCAATTCTAGGAGCTGTAAATTTTATTACAACTGTAATTAATATACGGTCAACAGGAATTTCATTAGATCGAATACCTTTATTTGTTTGATCAGTAGTAATTACTGCTTTATTATTACTTTTATCATTA,ACTCTCATCCAATATTGCCCACGGAGGTTCATCTGTAGATTTGGCCATTTTTAGACTTCATTTAGCTGGAATTTCATCCATTTTAGGAGCAGTGAATTTTATTACTACTGTAATTAATATACGACCCACAGGAATAACATTTGATCGAATACCCCTATTCGTTTGAGCTGTTGTTATTACCGCAATTCTACTGCTTCTTTCACTAC,ACTCTCATCCAATATCGCCCACGGAGGTTCATCTGTAGATTTGGCCATTTTTAGACTTCATTTAGCTGGAATTTCATCCATTTTAGGAGCAGTGAATTTTATTACTACTGTAATTAATATGCGACCCACAGGAATAACATTTGATCGAATACCCCTATTCGTTTGAGCTGTTGTTATTACCGCAATTCTACTGCTTCTTTCACTAC,TTTATCTAATAATATTGCTCATAATAATATTTCAGTTGATTTAACAATTTTTTCTCTACATTTAGCAGGAATCTCATCAATTTTAGGAGCAATTAATTTTATTTGTACAATTTTAAATATAATACCTAATAATATAAAATTAAACCAAATTCCATTATTCCCTTGATCAATTTTAATTACAGCTATATTATTAATTTTATCTTTAC,ATTATCATTAACTTTAGGTCATAGAGGTGTAGCAGTAGATTTTGCTATTTTTTCTTTACATTTAGCTGGTATTTCATCTATTATAGGAGCAATTAATTTTATTAGTACAATTTTTAATATACGACCTTATAACATTAAAATAGATCAAATTTCTTTATTAGTTTGGTCAGTACTAATTACTGCTGTATTACTATTATTATCTTTA,CCTATCGTCTGTTATTGCACACGGAGGAGCTTCAGTTGATTTAGCTATTTTCTCACTTCACTTAGCTGGTATCTCATCGATTTTAGGAGCAGTAAATTTCATTACAACAGTTATTAATATACGATCTACAGGAATTTCGTTTGACCGAATACCTCTTTTCGTTTGAGCAGTTGTATTAACAGCCCTATTACTTTTACTATCATTG,CCTGTCATCTAATATCGCCCATGGAGGTTCATCAGTTGATTTAGCTATTTTTAGATTACATTTAGCAGGGATTTCATCTATTCTAGGAGCTGTAAATTTTATCACAACCGTAATTAATATGCGACCGACAGGAATATCATTTGATCGAATACCGTTATTTGTATGAGCTGTTGTTATTACAGCTATCTTGCTATTACTATCCCTA,TCTATCATCAGGAATCGCCCATGGAGGAGCTTCTGTAGATTTAGCTATTTTTTCTTTACATTTAGCCGGAATCTCTTCAATTTTAGGGGCAGTTAATTTTATTACAACTGTAATTAATATACGATCAACAGGAATTACTCTTGATCGTATACCTTTATTTGTTTGGTCAGTCGTAATTACTGCACTTTTATTATTATTATCTCTTC,TTTATCAAATAACATTGCACATAACAATATTTCAGTTGATTTAACTATTTTTTCATTACATTTAGCAGGAATCTCCTCAATTTTAGGAGCAATTAACTTTATTTGTACAATTCTTAATATAATACCAAATAATATAAAATTAAATCAAATCCCTCTTTTCCCTTGATCAATTTTAATTACAGCTATTTTATTAATTTTATCTTTAC,TTTATCTTCAGGAATTGCCCATAGAGGAGCTTCAGTTGATTTAGCTATTTTTTCTCTTCATTTAGCAGGAATTTCATCTATTTTAGGAGCTGTAAATTTTATTACAACTGTAATTAATATACGATCAACAGGAATTACTCTAGATCGAATACCTTTATTTGTTTGATCTGTTGTAATTACAGCTTTATTATTATTATTATCTTTA,ACTTTCATCCAATATCGCCCACGGAGGTTCATCTGTAGATTTGGCCATTTTTAGACTTCATTTAGCTGGAATTTCATCCATTTTAGGAGCAGTGAATTTTATTACTACTGTAATTAATATACGACCCACAGGAATAACATTTGATCGAATACCCCTATTCGTTTGAGCTGTTGTTATTACCGCAATTCTACTGCTTCTTTCACTA,ATTATCAAATAATATTGCTCATAATAATATTTCAGTTGATTTAACTATTTTTTCTTTACACTTAGCAGGAATTTCATCAATTTTAGGAGCAATTAATTTTATTTGTACAATTTTAAATATAATACCTAATAATTTAAAATTAAATCAAATTCCTCTTTTTCCATGATCAATTCTAATTACAGCTATTCTATTAATCTTATCTTTAC,CCTATCGTCTGTTATTGCACACGGAGGGGCTTCAGTTGATTTAGCTATTTTCTCACTTCACTTAGCTGGTATCTCATCGATTTTAGGAGCAGTGAATTTCATTACAACAGTTATTAATATACGATCTACAGGAATTTCGTTTGACCGAATACCTCTTTTCGTTTGAGCAGTTGTATTAACAGCCCTATTACTTTTACTATCATTG,CCTATCTACTATAATCTCACACTCTGGAGCATCTGTAGACCTATCAATTTTTTCCCTACATCTAGCGGGAATTTCTTCAATTTTAGGAGCAGTAAATTTTATTTCAACAATTATTAACATACGAGCCCCCGGAATATCTTTTGATAAAATACCCTTATTTGTTTGATCTGTATTAATTACAGCAATTTTATTATTACTTTCACTTC,GCTCTCATCCAATATCGCCCACGGAGGTTCATCTGTAGATTTGGCCATTTTTAGACTTCATTTAGCTGGAATTTCATCCATTTTAGGAGCAGTGAATTTTATTACTACTGTAATTAATATACGACCCACAGGAATAACATTTGATCGAATACCCCTATTCGTTTGAGCTGTTGTTATTACCGCAATTCTACTACTTCTTTCACTAC,ACTCTCATCCAATATCGCCCACGGAGGTTCATCTGTAGATTTGGCCATTTTTAGACTTCATTTAGCTGGAATTTCATCCATTTTAGGAGCAGTGAATTTTATTACTACTGTAATTAATATACGACCCACAGGAATAACATTTGATCGAATACCCCTATTCGTTTGAGCTGTTGTTATTACCGCAATTCTACTTCTTCTTTCACTAC,ATTATCTAATAATATTGCTCATAATAATATTTCAGTTGATTTAACAATTTTTTCACTTCATTTAGCAGGAATTTCCTCAATCTTAGGAGCAATTAATTTTATTTGTACAATTTTAAATATAATACCTAATAATATAAAACTAAATCAAATTCCACTTTTCCCTTGATCAATTTTAATCACAGCTATACTATTAATCTTATCACTAC,ACTCTCATCCAATATCGCCCACGGAGGTTCATCTGTAGATTTGGCCATTTTTAGACTTCATTTAGCTGGAATTTCATCCATTTTAGGAGCAGTGAATTTTATTACTACTGTAATTAATATACGACCCACAGGAATAACATTTGATCGAATACCCCTATTCGTTTGAGCTGTTGTTATTACCGCAATTCTACTACTTCTTTCACTAC,ACTCTCATCCAATATCGCCCACGGAGGTTCATCTGTAGATTTGGCCATTTTTAGGCTTCATTTAGCTGGAATTTCATCCATTTTAGGAGCAGTGAATTTTATTACTACTGTAATTAATATACGACCCACAGGAATAACATTTGATCGAATACCCCTATTCGTTTGAGCTGTTGTTATTACCGCAATTCTACTTCTTCTTTCACTAC,TTTATCTGCTGGAATTGCCCACGGTGGAGCTTCAGTTGATTTAGCTATTTTTTCCTTACACTTAGCGGGAATTTCCTCAATTCTAGGAGCTGTAAATTTTATTACAACTGTAATTAATATACGGTCAACAGGAATTTCATTAGATCGAATACCTTTATTTGTTTGATCAGTAGTAATTACTGCTTTATTATTACTTTTATCATTA,TTTATCACAGGTAATGTCCCATCCAAGTGCAGGAGTTGACATTGCTATACTTGCACTTCATGTTGCTGGTATGTCGTCAATTGTTGGGGCGATCAACTTTATAGTTACTATATTTAACATGCGCGCAAAAGGCATGTCATTAACTAAGATGCCACTGTTTGTTTGGTCTGTCTTGCTAACAGCATTTATGTTGATTGTTGCCTTA,CCTATCGTCTGTTATTGCACACGGAGGGGCTTCAGTTGATTTAGCTATTTTCTCACTTCACTTAGCTGGTATCTCATCGATTTTAGGAGCAGTAAATTTCATTACAACAGTTATTAATATACGATCTACAGGAATTTCGTTTGACCGAATACCTCTTTTCGTTTGAGCAGTTGTATTAACAGCCCTATTACTTTTACTATCATTGC,TCTATCACAGGTAATGTCCCATCCAAGTGCAGGAGTTGACATTGCTATACTTGCACTTCATGTTGCTGGTATGTCGTCAATTGTTGGGGCGATCAACTTTATAGTTACTATATTTAACATGCGCACAAAAGGAATGTCATTAACTAAGATGCCACTGTTTGTTTGGTCTGTCTTGCTAACAGCATTTATGTTGATTGTTGCCTTAC,TTTATCAAATAACATTGCACATAACAATATTTCAGTTGATTTAACTATTTTTTCCTTACATTTAGCAGGAATCTCCTCAATTTTAGGAGCAATTAACTTTATTTGTACAATTCTTAATATAATACCAAATAATATAAAATTAAATCAAATTCCTCTTTTTCCTTGATCAATTCTAATTACAGCTATTTTATTAATTTTATCTTTAC,ACTATCTACTACAATCTCACACTCTGGAGCATCTGTAGACCTATCAATTTTTTCCCTACATCTAGCGGGAATTTCTTCAATTTTAGGAGCAGTTAATTTTATTTCAACAATTATTAACATACGAGCCCCCGGAATATCTTTTGATAAAATACCCTTATTTGTTTGATCTGTGTTAATTACAGCCATTTTATTATTACTTTCACTTC,TTTATCAAACAACATTGCAACATAATAATATTTCAGTTGATTTAACTATTTTTTCTTTACATTTAGCAGGAATTTCTTCAATTTTAGGAGCAATTAACTTTATTTGTATGATTCTTAATATAATACCAAATAATATAAAATTAAATCAAATTCCTCTTTTCCCTTGATCAATTTTAATTACAGCTATTTTATTAATTTTATCTTTAC,CCTATCGTCTGTTATTGCACACGGAGGGGCTTCAGTTGATTTAGCTATTTTCTCACTTCACTTAGCTGGTATCTCATCGATTTTAGGAGCAGTAAATTTCATTACAACAGTTATTAATATACGATCTACAGGGATTTCGTTTGACCGAATACCTCTTTTCGTTTGAGCAGTTGTATTAACAGCCCTATTACTTTTACTATCATTG,TCTATCAACAGGAATCGCCCATGGAGGAGCTTCTGTAGATTTAGCTATTTTTTCTTTACATTTAGCCGGAATCTCTTCAATTTTAGGGGCAGTTAATTTTATTACAACTGTAATTAATATACGATCAACAGGAATTACTCTTGATCGTATACCTTTATTTGTTTGGTCAGTCGTAATTACTGCACTTTTATTATTATTATCACTTC,TTTATCAAATAACATTGCTCATAATAATATTTCAGTTGATTTAACTATTTTTTCCTTACATTTAGCAGGAATTTCCTCAATTTTAGGAGCAATTAACTTTATTTGTACAATTCTTAATATAATACCAAATAATATAAAATTAAATCAAATTCCTCTTTTTTCTTGATCAATTTTAATTACACCTATTTTATTAATTTCATCTTTAC,ACTCTCATCCAATATCGCCCACGGAGGTTCATCTGTAGATTTGGCCATTTTTAGACTTCATTTAGCTGGAATTTCATCCATTTTAGGAGCAGTGAATTTTATTACTACTGTAATTAATATGCGACCCACAGGAATAACATTTGATCGAATACCCCTATTCGTTTGAGCTGTTGTTATTACCGCAATTCTACTGCTTCTTTCACTACCC,ACTGGCAGGACTACAAAGTCATTCAGGAGGATCAATTGATCTAGCTATCTTTAGTCTTCACCTATCAGGTATCTCATCTATGCTAGGTGCTATGAACTTCATGGTAACTATCCTGAATATGCGAGCTTCAGGTATGACAATGTACAAAATGCCACTATTTGTATGGGCAGTATTTGTAACATCAATTCTACTTATTACTACACTAC,TCTGTCATCTAATATCGCCCATGGAGGTTCATCAGTTGATTTAGCTATTTTTAGATTACATTTAGCAGGGATTTCATCTATTCTAGGAGCTGTAAATTTTATCACAACCGTAATTAATATGCGACCAACAGGAATATCATTTGATCGAATACCATTGTTTGTATGAGCTGTTGTTATTACAGCTATCTTGCTATTACTATCCCTA,CCTATCATCAGGGATTGCTCATGGAGGAGCTTCTGTAGATTTAGCTATTTTTTCTTTACATTTAGCCGGAATTTCTTTAATTTTAGGGGCAGTTAATTTTATCACTACTGTAATTAATATACGATCAACAGAAATTACTCTTGATCGTATACCTTTATTTGTTTGATCAGTTGTAATTACTGCACTTTTGTTATTATTGTCACTTC,CCTATCATCAGGGATTGCTCATGGAGGAGCTTCTGTAGATTTAGCTATTTTTTCTTTACATTTAGCCGGAATTTCTTTAATTTTAGGGGCAGTTAATTTTATCACTACTGTAATTAATATACGATCAACAGGAATTACTCTTGATCGTATACCTTTATTTGTTTGATCAGTTGTAATTACTGCACTTTTGTTATTATTGTCACTTC,CCTATCGTCTGTTATTGCACACGGAGGGGCTTCAGTTGATTTAGCTATTTTCTCACTTCACTTAGCTGGTATCTCATCGATTTTAGGAGCAGTAAATTTCATTACAACAGTTATTAATATACGATCTACAGGAATTTCATTTGACCGAATGCCTCCTTTCGTTTGAGCAGTTGTATTAACAGCCCTATTACTTTTACTATCATTGC,CCTATCAAACTCTATATTCCATAGTGGCTACTCAGTAGACATAGCAATTTTTTCCTTACATTTAGCAGGAATTTCATCAATTCTAGGAGCTATCAATTTTATTACTACTATTATTAATATGCGAAGATGTCTACATAACATAGAAGTAATTCCCTTATTTGTATGATCAGTATTAATTACTGCTTTCCTTTTACTTCTTGCCTTA,TTTATCTTTAACTTTAGGACATAGGGGGGTTGCTGTAGATTTTGCTATTTTTTCCTTACATTTAGCAGGTATTTCTTCAATTATGGGAGCTATCAATTTTATTAGTACTATTTTTAATATACGATGTTTTAATGTTAAAATAGATCAAATTTCATTATTAATTTGATCTGTGTTAATTACAGCAGTTTTATTATTATTATCTCTA,CCTATCATCTGTTATTGCTCACGGAGGGGCATCCGTTGATTTAGCTATTTTTTCACTTCACTTAGCCGGTATTTTTCCAATTCTAGGAGCCGTAAATTTCATTACGACAGTAATTAATATACGACCAACAGGAATTTCATTTGACCGAATACCTCTTTTCGTTTGAGCAGTTTTATTAACAGCTCTATTACTTTTACTATCATTA,CCTATCGTCTGTTATTGCACACGGAGGGGCTTCAGTTGATTTAGCTATTTTCTCACTTCACTTAGCTGGTATCTCATCGATTTTAGGAGCAGTAAATTTCATTACAACAGTTATTAATATACGATCTACAGGAATTTCGTTTGACCGGATACCTCTTTTCGTTTGAGCAGTTGTATTAACAGCCCTATTACTTTTACTATCATTG,CCCTATCTACTACAATCTCGCACTCTGGAGCATCCGTAGATCTATCAATTTTTTCCCTACATCTAGCGGGAATCTCTTCAATTTTAGGAGCAGTTAATTTTATTTCAACAATTATTAACATACGAGCCCCCGGGATATCTTTTGATAAAATACCCTTATTTGTTTGATCTGTGTTAATTACAGCCATTTTATTATTACTTTCACTTC,TTTATCAGGATTACAAAGTCACAGTGGACCTAGTGTAGATTTAGCAATTTTTGCTTTACACCTTTCAGGGGTAAGTAGTTTATTAGGAGCAATAAACTTCATAACTACAATCGCTAATATGAGAACACCAGGAATAAGATTACACAAATTAGCCTTATTCGGGTGAGCTGTAGTTATAACAGCTATCTTATTATTATTATCATTA,ACTCTCATCCAATATCGCCCACGGAGGTTCATCTGTAGATTTGGCCATTTTTAGACTTCATTTAGCTGGAATTTCATCCATTTTAGGAGCAGTGAATTTTATTACTACTGTAATTAATATACGACCCACAGGAATAACATTTGATCGAATACCCCTATTCGTTTGAGCTGTTGTTATTACCGCAATTCTACTGCTTCTTTCACTACCC,TCTGTCATCTAATATCGCCCATGGAGGTTCATCAGTTGATTTAGCTATTTTTAGATTACATTTAGCAGGGATTTCATCTATTCTAGGAGCTGTAAATTTCATCACAACCGTAATTAATATACGACCGACAGGAATATCGTTTGATCGAATACCATTATTTGTATGAGCTGTTGTTATTACAGCTATCTTGCTATTACTATCCCTAC,ACTCTCATCCAATATTGCCCACGGAGGTTCATCTGTAGATTTGGCCATTTTTAGACTTCATTTAGCTGGAATTTCATCCATTTTAGGAGCAGTGAATTTTATTACTACTGTAATTAATATACGACCCACAGGAATAACATTTGATCGAATACCCCTATTCGTTTGAGCTGTTGTTATTACCGCAATTCTACTGCTTCTTTCACTACCC,CCTATCTACTACAATCTCGCACTCTGGAGCATCCGTAGATCTATCAATTTTTTCCCTACATCTAGCGGGAATCTCTTCAATTTTAGGAGCAGTTAATTTTATTTCAACAATTATTAACATACGAGCCCCCGGGATATCTTTTGATAAAATACCCTTATTTGTTTGATCTGTGTTAATTACAGCCATTTTATTATTACTTTCACTTC,TCTATCATCATGAATCGCCCATGGAGGAGCTTCTGTAGATTTAGCTATTTTTTCTTTACATTTAGCCGGAATCTCTTCAATTTTAGGGGCAGTTAATTTTATTACAACTGTAATTAATATACGATCAACAGGAATTACTCTTGATCGTATACCTTTATTTGTTTGGTCAGTCGTAATTACTGCACTTTTATTATTATTATCACTTC,ATTATCATTAACTTTATGTCATAGAGGTGTAGCAGTAGATTTTGCTATTTTTTCTTTACATTTAGCTGGTATTTCATCTATTATAGGAGCAATTAATTTTATTAGTACAATTTTTAATATACGACCTTATAACATTAAAATAGATCAAATTTCTTTATTAGTTTGGTCAGTACTAATTACTGCTGTATTACTATTATTATCTTTAC,ACTCTCATCCAATATCGCCCACGGAGGTTCATCTGTAGATTTGGCCATTTTTAGACTTCATTTAGCTGGAATTTCATCCATTTTAGGAGCAGTGAATTTTATTACTACTGTAATTAATATACGACCCCCAGGAATAACATTTGATCGAATACCCCTATTCGTTTGAGCTGTTGTTATTACCGCAATTCTACTGCTTCTTTCACTAC,CCTATCTACTATAATCTCACACTCTGGAACATCTGTAGACCTATCAATTTTTTCCCTACATCTAGCGGGAATTTCTTCAATTTTAGGAGCAGTAAATTTTATTTCAACAATTATTAACATACGAGCCCCCGGAATATCTTTTGATAAAATACCCTTATTTGTTTGATCTGTATTAATTACAGCAATTTTATTATTACTTTCACTT,TTTATCAAACAACATTGCACATAATAATATTTCAGTTGATTTAACTATTTTTTCTTTACATTTAGCAGGAATTTCTTCAATTTTAGGAGCAATTAACTTTATTTGTACAATTCTTAATATAATACCAAATAATATAAAACTAAATCAAATTCCTCTTTTCCCTTGATCAATTTTAATTACACCTATTTTATTAATTTTATCTTTAC,TCTATCCGCTGGAATTGCTCATGGTGGAGCTTCAGTTGGTTTAGCTATTTTTTCTCTACATTTAGCAGGAATTTCTTCAATTTTAGGAGCTGTAAATTTTATTACAACTGTAATTAATATACGATCAACAGGAATTTCATTAGATCGTATACCTTTATTTGTCTGATCAGTAGTTATTACTGCTTTATTATTATTATTATCACTTC,TCTATCACAGGTAATGTCCCATCCAAGTGCAGGAGTTGACATTGCTATACTTGCACTTCATGTTGCTGGTATGTCGTCAATTGTTGGGGCGATCAACTTTATAGTTACTATATTTAACATGCGCACAAAAGGAATGTCATTAACTAAGATGCCACTGTTTGTTTGGTCTGTCTTGCTAACAGCATTTATGTTGATTGTTGCCTTACC,CCTATCGTCTGTTATTGCACACGGAGGGGCTTCAGTTGATTTAGCTATTTTCTCACTTCACTTAGCTGGTATCTCATCGATTTTAGGAGCAGTAAATTTCATTACAACAGTTATTAATATACGATCTACAGGAATTTCATTTGACCGAATGCCTCTTTTTGTTTGAGCAGTTGTATTAACAGCCCTATTACTTTTACTATCATTG,TCTATCCGCTGGAATTGCTCATGGTGGAGCTTCAGTTGATTTAGCTATTTTTTCTCTACATTTAGCAGGAATTTCTTCAATTTTAGGAGCTGTAAATTTTATTACAACTGTAATTAATATACGATCAACAGGAATTTCATTAGATCGTATACCTTTATTTGTTTGATCAGTAGTTATTACTGCCTTTTTATTATTATTATCACTTC,TCTGTCATCCAATATTGCCCATGGAGGATCATCAGTAGATTTAGCTATTTTTAGACTACATTTAGCAGGTATCTCATCTATTTTAGGAGCTGTAAATTTTATCACTACAGTAATTAATATACGACCAACTGGAATAACATTTGATCGTATACCATTATTTGTATGGGCTGTTGTTATTACAGCAGTATTATTACTACTTTCTCTT,ATTATCAGGTATTGCTTCTCACTCTGGTGGATCTGTAGATTTAGCTATTTTCAGTCTTCACTTATCTGGTATTTCTTCTATGTTAGGTGCAATGAACTTTATTACAACAATTATTAATATGAGAGCTCCTGGAATGTCATTCCATAAAATGCCTCTATTTGTATGGGCTGTATTAATTACAGCAGTTCTATTACTTCTATCTTTA,TCTGTCATCTAATATCGCCCATGGAGGTTCATCAGTTGATTTAGCTATTTTTAGATTACATTTAGCAGGGATTTCATCTATTCTAGGAGCTGTAAATTTTATCACAACCGTAATTAATATGCGACCGACAGGAATATCATTTGATCGAATACCATTATTTGTATGAGCTGTTGTTATTACAGCTATCTTGCTATTACTATCCCTA,TCTGTCATCTAATATCGCCCATGGAGGTTCATCAGTTGATTTAGCTATTTTTAGATTACATTTAGCAGGGATTTCATCTATTCTAGGAGCTGTAAATTTTATCACAACCGTAATTAATATACGACCGACAGGAATATCATTTGATCGAATACCATTATTTGTATGAGCTGTTGTTATTACAGCTATCTTGCTATTACTATCCCTA,CCTATCATCTGTTATTTGCTATTGGAGGGGCATCCGTTGATTTAGCTATTTTTTCACTTCACTTAGCCGGTATTTTTCCAATTCTAGGAGCCGTAAATTTCATTACGACAGTAATTAATATACGACCAACAGGAATTTCATTTGACCGAATACCTCTTTTCGTTTGAGCAGTTTTATTAACAGCTCTATTACTTTTACTATCATTA,ACTCTCATCCAATATCGCCCACGGAGGTTCATCTGTAGATTTGGCCATTTTTAGACTTCATTTAGCTGGAATTTCATCCATTTTAGGAGCAGTGAATTTTATTACTACTGTAATTAATATACGACCCACAGGAATAACATTTGATCGAATACCCCTATTCGTTTGAGCTGTTGTTATTACCGCAATCCTACTACTTCTTTCACTA,TCTTTCAAACTCTGTCTTCCATAGTGGCTACTCAGTAGACATGTCAATTTTTTCTTTACACTTAGCAGGAATTTCCTCAACTTTAGGAGCAATTAATTTTATTTGTACAATTTTAAATATAATACCTAATAATATAAAATTAAACCAAATTCCATTATTCCCTTGATCAATTTTAATTACAGCTATATTATTAATTTTATCTTTAC,TCTTTCTAATGGTATTTTTCATAGTGGCCCTGCTGTTGATTTTGGTATCTTAAGTCTTCACATTGCTGGTGTATCTTCTATTTTAGGCGCTATCAATTTTATTGTTACTATTTTTAATATAAAAATTGTTGGCATACTTTGATCAAACGTTCCTTTGTTTGTTTGGTCTGTTCTTATTACTTCTTTTCTATTAGCTTTTTCCCTT,TTTATCTTCAGGAATTGCCATAGAGGAGCTTCAGTTGATTTAGCTATTTTTTCTCTTCATTTAGCAGGAATTTCATCTATTTTAGGAGCTGTAAATTTTATTACAACTGTAATTAATATACGAAGATCTCTTCATAACATAGAAGTACTCCCCCTTTTTGTATGATCAGTTTTAATTACAGCTTTCCTTTTACTTCTTGCTTTAC,TTTATCACAGGTAATGTCCCATCCAAGTGCAGGAGTTGACATTGCTATACTTGCACTTCATGTTGCTGGTATGTCGTCAATTGTTGGGGCGATCAACTTTATAGTTACTATATTTAACATGCGCGCAAAAGGCATGTCATTAACTAAGATGCCACTGTTTGTTTGGTCTGTCTTGCTAACAGCATTTATGTTGATTGTTGCCTTACC,ATTATCAGGTATACAAAGTCACAGTGGTCCTAGTGTAGATTTAGCTATCTTCGCTCTACATCTATCAGGGATAAGTAGTCTATTAGGGGCTATGAATTTTATAACTACTATACTTAATATGAGAAGTCCAGGAATAAGACTACACAAATTGGCTTTATTTGGTTGAGCAGTAGTGGTAACAGCCGTGTTATTACTTTTATCTTTAC,ACTATCTACTACAATCTCACACTCTGGAGCATCTGTAGACCTATCAATTTTTTCCCTACATCTAGCGGGAATTTCTTCAATTTTAGGAGCAGTTAATTCTATTTCAACAATTATTAACATACGAGCCCCCGGAATATCTTTTGATAAAATACCCTTATTTGTTTGATCTGTGTTAATTACAGCCATTTTATTATTACTTTCACTT,CCTGTCATCTAATATCGCCCATGGAGGTTCATCAGTTGATTTAGCTATTTTTAGATTACATTTAGCAGGGATTTCATCTATTCTAGGAGCTGTAAATTTTATTACAACTGTAATTAATATACGATCAACAGGAATTTCATTAGATCGTATACCTTTATTTGCTTGATCAGTAGTTATTACTGCCTTATTATTATTATTATCACTT,CCTATCATCAGGGATTGTTCATGGAGGAGCTTCTGTAGATTTAGCTATTTTTTCTTTACATTTAGCCGGAATTTCTTTAATTTTAGGGGCAGTTAATTTTATCACTACTGTAATTAATATACGATCAACAGGAATTACTCTTGATCGTATACCTTTATTTGTTTGATCAGTTGTAATTACTGCACTTTTGTTATTATTGTCACTT,ATTATCAGGTATTGCTTCTCACTCTGGTGGATCTGTAGATTTAGCTATTTTCAGTCTTCACTTATCTGGTATTTCTTCTACGTTAGGTGCAATGAACTTTATTACAACAATTATTAATATGAGAGCTCCTGGAATGTCATTCCATAAAATGCCTCTATTTGTATGGGCTGTATTAATTACAGCAGTTCTATTACTTCTATCTTTA,CCTGTCATCTGTTATCGCACACGGAGGAGCTTCAGTTGATCTAGCTATTTTCTCACTTCACTTAGCCGGTATCTCCTCAATTTTAGGAGCAGTAAATTTCATTACAACAGTAATTACTATACGATTTACAGGAATTTCATTTGACCGAATACCTCTTTTCGTTTGAGCAGTTGTATTAACAGCCCTATTACTTTTATTATCCTTG,CCCTATCTACTACAATCTCGCACTCTGGAGCATCCGTAGATCTATCAATTTTTTCCCTACATCTAGCGGGAATCTCTTCAATTTTAGGAGCAGTTAATTTTATTTCAACAATTATTAACATACGAGCCCCCGGGATATCTTTTGATAAAATACCCTTATTTGTTTGATCTGTGTTAATTACAGCCATTTTATTATTACTTTCACCTC,CCTATCAAACTCTATATTCCATAGTGGCTACTCAGTAGACATAGCAATTTTTTCTTTACATTTAGCAGGAATTTCATCAATTCTAGGAGTTATCAATTTTATTACTACTATTATTAATATACGACCTTATAACATTAAAATAGATCAAATTTCTTTATTAGTTTGGTCAGTACTAATTACTGCTGTATTACTATTATTATCTTTA,CCTATCATCAGGGATTGCTCATGGAGGAGCTTCTGTAGATTTAGCTATTTTTTCTTTACATTTAGCCGGAATTTCTTTAATTTTAGGGGCAGTTAATTTTATCACTACTGTAATTAATATACGATCAACAGGAATTACTCTTGATCGTATATCTTTATTTGTTTGATCAGTTGTAATTACTGCACTTTTGTTATTATTGTCACTTC,TTTATCTAATAATATTGCTCATAATAATATTTCAGTTGATTTAACAATTTTTTCTCTACATTTAGCAGGAATCTCATCAATTTTAGGAGCAATTAATTTTATTTGTACAATTTTAAATATGCGACCTTATAACATTAAAATAGATCAAATTTCTTTATTAGTTTGGTCAGTACTAATTACTGCTGTATTACTATTATTATCTTTA,ATTATCAGGTATTGCTTCTCACTCTGGTGGATCTGTAGATTTAGCTATTTTCAGTCTCCACTTATCTGGTATTTCTTCTATGTTAGGTGCAATGAACTTTATTACAACAATTATTAATATGAGAGCTCCTGGAATGTCATTCCATAAAATGCCTCTATTTGTATGGGCTGTATTAATTACAGCAGTTCTATTACTTCTATCTTTA,CTATCTACTACAATCTCGCACTCTGGAGCATCCGTAGATCTATCAATTTTTTCCCTACATCTAGCGGGAATCTCTTCAATTTTAGGAGCAGTTAATTTTATTTCAACAATTATTAACATACGAGCCCCCGGGATATCTTTTGATAAAATACCCTTATTTGTTTGATCTGTGTTAATTACAGCCATTTTATTATTACTTTCACTTC,TTTATCTTTAACTTTAGGACATAGGGGGGTTGCTGTAGATTTTGCTATTTTTTCTTTACATTTAGCAGGTATTTCTGCAATTCTAGGAGCTATCAATTTTATTACTACTATTATTAATATGCGAAGATGTCTACATAACATAGAAGTAATTCCCTTATTTGTATGATCAGTATTAATTACTGCTTTCCTTTTACTTCTTGCCTTA,TTTATCAAACAACATTGCGACATAATAATATTTCAGTTGATTTAACTATTTTTTCTTTACATTTAGCAGGAATTTCTTCAATTTTAGGAGCAATTAACTTTATTTGTATGATTCTTAATATAATACCAAATAATATAAAATTAAATCAAATTCCTCTTTTCCCTTGATCAATTTTAATTACAGCTATTTTATTAATTTTATCTTTAC,TCTATCCGCTGGAATTGCTCATGGTGGAGCTTCAGTTGATTTAGCTATTTTTTCTCTACATTTAGCAGGAATTTCTTCAATTTTAGGAGCTGTAAATTTTATTACTACTGTGATTAATACACGACCCACAGGAATAACATTTGATCGAATACCCCTATTCGTTTGAGCTGTTGTTATTACCGCAATTCTACTGCTTCTTTCACTA,CCCTGTCATCTGTTATCGCACACGGAGGAGCTTCAGTTGATCTAGCTATTTTCTCACTTCACTTAGCCGGTATCTCCTCAATTTTAGGAGCAGTAAATTTCATTACAACAGTAATTACTATACGATTTACAGGAATTTCATTTGACCGAATACCTCTTTTCGTTTGAGCAGTTGTATTAACAGCCCTATTACTTTTATTATCCTTG,TCTATCCGCTGGAATTGCTCATGGTGGAGCTTCAGTTGATTTAGCTATTTTTTCTTTACATTTAGCAGGTATTTCTTCAATTATGGGAGCTATCAATTTTATTAGTACTATTTTTAATATACGATGTTTTAATGTTAAAATAGATCAAATTCCATTATTAATTTGATCTGTGTTAATTACAGCAGTTTTATTATTATTATCTCTAC,CCTGTCATCTAATATCGCCCATGGAGGTTCATCAGTTGATTTAGCTATTTTTAGATTACATTTAGCAGGGATTTCATCTATTCTAGGAGCTGTAAATTTTATTACTACTATTATTAATATGCGAAGATGTCTACATAACATAGGAGTAATTCCCTTATTTGTATGATCAGTATTAATTACTGCTTTCCTTTTACTTCTTGCCTTAC,TTTACCTAATAATATTGCTCATAATAATATTTCAGTTGATTTAACAATTTTTTCTCTACATTTAGCAGGAATTTCATCAATTCTAGGAGCTATCAATTTTATTACTACTATTATTAATATGCGAAGATGTCTACATAACATAGAAGTAATTCCCTTATTTGTATGATCAGTATTAATTACTGCTTTCCTTTTACTTCTTGCCTTA,CCTATCATCTGTTATTGCTCACGGAGGGGCATCCGTCGATTTAGCTATTTTTTCACTTCACTTAGCCGGTATTTTTCCAATTCTAGGAGCCGTAAATTTCATTACGACAGTAATTAATATACGACCAACAGGAATTTCATTTGACCGAATACCTCTTTTCGTTTGAGCAGTTTTATTAACAGCTCTATTACTTTTACTATCATTA,TCTTTCAAACTCTGTCTTCCATAGTGGCTACTCAGTAGACATGTCAATTTTTTCTTTACACTTAGCAGGAATTTCATCAATTTTAGGAGCAATTAATTTTATTTGTACAATTTTAGATATAATACCTAATAATTTAAAATTAAATCAAATTCCTCTTTTTCCATGATCAATTCTAATTACAGCTATTCTATTAATCTTATCTTTA,TTTATCTAATAATATTGCTCATAATAATATTTCAGTTGATTTAACAATTTTTTCTCTACATTTAGCAGGAATTTCTACAATTTTAGGAGCTGTAAATTTTATTACAACTGTAATTAATATACGATCAACAGGAATTTCATTAGATCGTATACCTTTATTTGTTTGATCAGTAGTTATTACTGCTTTATTATTATTATTATCACTTC,TCTTTCAAACTCCGTCTTCCATAGTGGCTACTCAGTAGACATGTCAATTTTTTCTTTACACTTAGCGGGAATTTCCTCAATTCTAGGAGCTGTAAATTTTATTACAACTGTAATTAATATACGGTCAACAGGAATTTCATTAGATCGAATACCTTTATTTGTTTGATCAGTAGTAATTACTGCTTTATTATTACTTTTATCATTAC,TTTATCTAATAATATTGCTCATAATAATATTTCAGTTGATTTAACAATTTTTTCTCTACATTTAGCAGGTATTTCTTCAATTATGGGAGCTATCAATTTTATTAGTACTATTTTTAATATACGATGTTTTAATGTTAAAATAGATCAAATTTCATTATTAATTTGATCTGTGTTAATTACAGCAGTCTTATTATTATTATCTCTAC,CCTGTCATCTAACATCGCCCATGGAGGTTCATCAGTTGATTTAGCTATTTTTAGATTACATTTAGCAGGGATTTCATCTATTCTAGGAGCTGTAAATTTTATCACAACCGTAATTAATATGCGACCGACAGGAATATCATTTGATCGAATACCCCTATTCGTTTGAGCTGTTGTTATTACCGCAATTCTACTGCTTCTTTCACTA,TCTATCCGCTGGAATTGCTCATGGTGGAGCTTCAGTTGATTTAGCTATTTTTTCTCTACATTTAGCAGGAATTTCCTCAATTTTAGGAGCAATTAACTTTATTTGTACAATTCTTAATATAATACCAAATAATATAAAATTAAATCAAATCCCTCTTTTCCCTTGATCAATTTTAATTACAGCTATTTTATTAATTTTATCTCTA,TTTATCTTTAACTTTAGGACATAGGGGGGTTGCTGTAGATTTTGCTATTTTTTCTTTACATTTAGCAGGTATTTCTTCAATTCTAGGAGCTGTAAATTTTATTACAACTGTAATTAATATACGGTCAACAGGAATTTCATTAGATCGAATACCTTTATTTGTTTGATCAGTAGTAATTACTGCTTTATTATTACTTTTACCATTA,ACTTTCATCCAATATCGCCCACGGAGGTCCATCTGTAGATTTGGCCATTTTTAGACTTCATTTAGCTGGAATTTCATCCATTTTAGGAGCAGTGAATTTTATTACAACTGTAATTGATATACGATCAACAGGAATTTCATTAGATCGTATACCTTTATTTGTTTGATCAGTAGTTATTACTGCTTTATTATTATTATTATCACTTC,TCTATCCGCTGGAATTGCTCATGGTGGAGCTTCAGTTGATTTAGCTATTTTTTCTTTACATTTAGCAGGTATTTCTTCAATTATGGGAGCTATCAATTTTATTAGTACTATTTTTAATATACGATGTTTTAATGTTAAAATAGATCAAATTTCATCATTAATTTGATCTGTGTTAATTACAGCAGTTTTATTATTATTATCTCTA,ACTCTCATCCAATATCGCCCACGGAGGTTCATCTGTAGATTTGGCTATTTTTAGACTTCATTTAGCTGGAATTTCATCCATTTTAGGAGCAGTGAATTTTATTACTACTATTATTAATATGCGAAGATGTCTACATAACATAGAAGTAATTCCCTTATTTGTATGATCAGTATTAATTACTGCTTTCCTTTTACTTCTTGCCTTAC,TTTATCAAATAACATTGCACATAACAATATTTCAGTTGATTTAACTATTTTTTCATTACATTTAGCAGGAATTTCATCTATTTTAGGAGCTGTAAATTTTATTACAACTGTAATTAATATACGATCAACAGGAATTACTCTAGATCGAATACCTTTATTTGTTTGATCTGTTGTAATTGCAGCTTTATTATTATTATTATCTTTAC,TCTATCCGCTGGAATTGCTCATGGTGGAGCTTCAGTTGATTTTGCTATTTTTTCTTTACATTCAGCAGGTATTTCTTCAATTATGGGAGCTATCAATTTTATTAGTACTATTTTTAATATACGATGTTTTAATGTTAAAATAGATCAAATTTCATTATTAATTTGATCTGTGTTAATTACAGCAGTTTTATTATTATTATCTCTA,ACTCTCATCCAATATCGCCCACGGAGGTTCATCTGTAGATCTGGCCATTTTTAGACTTCATTTAGCTGGAATTTCATCCATTTTAGGAGCAGTGAATTTTATTACTACTGTAATTAATATACGAGCCCCCGGAATATCTTTTGATAAAATACCCTTATTTGTTTGATCTGTATTAATTACAGCAATTTTATTATTACTTTCACTTC,TCTATCCGCTGGAATTGCTCATGGTGGAGCTTCAGTTGATTTAGCTATTTTTCTCTACATTTAGCAGGAATTTCATCAATTCTAGGAGCTATCAATTTTATTACTACTATTATTAATATGCGAAGATGTCTACATAACATAGAAGTAATTCCCTTATTTGTATGATCAGTATTAATTACTGCTTTCCTTTTACTTCTTGCCTTAC,CCTATCGTCTGTTATTGCACACGGAGGGGCTTCAGTTGATTTAGCTATTTTCTCACTTCACTTAGCTGGTATCTCATCGATTTTAGGAGCAGTAAATTTCATTACAACAGTTATTAATATACGATCTACAGGGATTTCATTAAACCAAATTCCATTATTCCCTTGATCAATTTTAATTACAGCTATATTATTAATTTTATCTTTA,TTTATCTTTAACTTTAGGGCATAGGGGGGTTGCTGTAGATTTTGCTATTTTTTCTTTACATTTAGCCGGAATCTCTTCAATTTTAGGGGCAGTTAATTTTATTACAACTGTAATTAATATACGATCAACAGGAATTACTCTTGATCGTATACCTATATTTGTTTGGTCAGTCGTAATTACTGCACTTTTATTATTATTATCTCTTC,TTTATCTAATAATATTGCTCATAATAATATTTCAGTTGATTTAACAATTTTTTCTTTACATTTAGCAGGTATTTCTTCAATTATGGGAGCTATCAATTTTATTAGTACTATTTTTAATATACGATGTTTTAATGTTAAAATAGATCAAATTTCATTATTAATTTGATCTGTGTTAATTTCAGCAGTTTTATTATTATTATCTCTA,ATTATCATTAACTTTAGGTCATAGAGGTGTAGCAGTAGATTTTGCTATTTTTTCTTTACATTTAGCTGGTATTTCATCTATTATAGGAGCAATTAATTTTATCACAACCGTAATTAATATGCGACCGACAGGAATATCATTTGATCGAATACCGTTATTTGTATGAGCTGTTGTTATTACGGCTATCTTGCTATTACTATCCCTA,CCTGTCATCTAATATCGCCCATGGAGGTTCATCAGTTGATTTAGCTATTTTTAGATTACATTTAGCAGGGATTTCATCTATTCTAGGAGCTGTAAATTTTATCACAACCGTAATTAATATACGACCCACAGGAATAACATTTGATCGAATACCCCTATACGTTTGAGCTGTTGTTATTACCGCAATTCTACTGCTTCTTTCACTACCC,CCTATCATCTGTTATTGCTCACGGAGGGGCATCCGTTGATTTAGCTATTTTCTCACTTCACTTAGCCGGTATTTTTCCAATTCTAGGAGCCGTAAATTTCATTACGACAGTAATTAATATACGACCAACAGGAATTTCATTTGACCGAATACCTCTTTTCGTTTGAGCAGTTTTATTAACAGCTCTATTACTTTTACTATCATTA,TCTATCCGCTGGAATTGCTCATGGTGGAGCTTCAGTTGATTTAGCTATTTTTAGACTTCATTTAGCTGGAATTTCATCCATTTTAGGAGCAGTGAATTTTATTACTACTGTAATTAATATACGACCCACAGGAATAACATTTGATCGAGTACCCCTATTCGTTTGAGCTGTTGTTATTACCGCAATTCTACTGCTTCTTTCACTAC,TCTATCCGCTGGAATTGCTCATGGTGGAGCTTCAGTTGATTTGGCTATTTTTTCTTTACATTTAGCTGGTATTTCATCTATTATAGGAGCAATTAATTTTATTAGTACAATTTTTAATATACGACCTTATAACATTAAAATAGATCAAATTTCTTTATTAGTTTGGTCAGTACTAATTACTGCTGTATTACTATTATTATCTTTA,CTATCAAACTCTATATTCCATAGTGGCTACTCAGTAGACTTAGCAATTTTTTCTTTACATTTAGCAGGAATTTCATCAATTTTAGGAGCAGTGAATTTTATTACTACTGTAATTAATATACGACCCACAGGAATAACATTTGATCGAATACCCCTATTCGTTTGAGCTGTTGTTATTACCGCAATTCTACTGCTTCTTTCACTACCC,TTTATCTTTAACTTTAGGACATAGGGGGGTTGCTGTAGATTTTGCTATTTTTTCTCTACATTTAGCAGGAATTTCTTCAATTTTAGGAGCTGTAAATTTTATTACAGCTGTAATTAATATACGATCAACAGGAATTTCATTAGATCGTATACCTTTATTTGTTTGATCAGTAGTTATTACTGCTTTATTATTATTATTATCACTT,CCTATCTACTATAATCCCACACTCTGGAGCATCTGTAGACCTATCAATTTTTTCCCTACATCTAGCGGGAATTTCTTCAATTTTAGGAGCTGTAAATTTTACTACAACTGTAATTAATATACGATCAACAGGAATTTCATTAGATCGTATACCTTTATTTGTTTGATCAGTAGTTATTACTGCTTTATTATTATTATTATCACTT,ACTTTCATCCAATATCGCCCACGGAGGTTCATCTGTAGATTTGGCCATTTTTAGACTTCATTTAGCTGGAATTTCATCCATTTTAGGAGCAGTGAATTTTATTACTACTGTAATTAATATACGACCCATAGGAATAACATTTGATCGAATACCCCCTTTTTGTATGATCAGTTTTAATTACAGCTTTCCTTTTACTTCTTGCTTTAC,TTTATCTTTAACTTTAGGACATAGGGGGGTTGCTGTAGATTTTGCTATTTTTTCTTTACATTTAGCAGGTATTTCTTCAATTATGGGAGCTATCAATTTTATTACTACTGTAATTAATATACGACCCACAGGAATAACATTTGATCGAATACCCCTATTCGTTTGAGCTGTTGTTATTACCGCAATTCTACTGCTTCTTTCGCTACCC,ATTATCAGGATTACAAAGTCACAGTGGACCTAGTGTAGATATGGCTATATTTGCTTTACACCTATCAGGGGTAAGTAGTTTATTAGGAGCAATAAACTTTATAACTACTATAGCAGATATGAGAACACCTGGAATAAAATTACATAAATTAACTTTATTCGGGTGAGCTGTAGGAATAACAGCTATATTATTATTATTATCATTA,ATTATCAGGTATTGCTTCTCACTCTGGTGGATCTGTAGGTTTAGCTATTTTCAGTCTTCACTTATCTGGTATTTCTTCTATGTTAGGTGCAATGAACTTTATTACAACAATTATTAATATGAGAGCTCCTGGAATGTCATTCCATAAAATGCCTCTATTTGTATGGGCTGTATTAATTGCAGCAGTTCTATTACTTCTATCTTTAC,TCTATCCGCTGGAATTGCTCATGGTGGAGCTTCAGTTGATTTAGCTATTTTTTCTCTACATTTAGCAGGAATTTCTTCAATTTTAGGAGCTGTAAATTTTATTACAACTGTAATTAATATACGATCAACAGGAATTTCATTAGATCGTATACCTTTATTTGTTTGATCAGTAGTTATTACTGCTTTATTATTATTATTATCACTTC,CCTATCAAACTCTATATTCCATAGTGGCTACTCAGTAGACATAGCAATTTTTTCTTTACATTTAGCAGGAATTTCATCAATTCTAGGAGCTATCAATTTTATTACTACTATTATTAATATGCGAAGATGTCTACATAACATAGAAGTAATTCCCTTATTTGTATGATCAGTATTAATTACTGCTTTCCTTTTACTTCTTGCCTTAC,TTTATCTTTAACTTTAGGACATAGGGGGGTTGCTGTAGATTTTGCTATTTTTTCTTTACATTTAGCAGGTATTTCTTCAATTATGGGAGCTATCAATTTTATTAGTACTATTTTTAATATACGATGTTTTAATGTTAAAATAGATCAAATTTCATTATTAATTTGATCTGTGTTAATTACAGCAGTTTTATTATTATTATCTCTAC,CCTATCGTCTGTTATTGCACACGGAGGGGCTTCAGTTGATTTAGCTATTTTCTCACTTCACTTAGCTGGTATCTCATCGATTTTAGGAGCAGTAAATTTCATTACAACAGTTATTAATATACGATCTACAGGAATTTCATTTGACCGAATGCCTCTTTTCGTTTGAGCAGTTGTATTAACAGCCCTATTACTTTTACTATCATTG,ATTATCATTAACTTTAGGTCATAGAGGTGTAGCAGTAGATTTTGCTATTTTTTCTTTACATTTAGCTGGTATTTCATCTATTATAGGAGCAATTAATTTTATTAGTACAATTTTTAATATACGACCTTATAACATTAAAATAGATCAAATTTCTTTATTAGTTTGGTCAGTACTAATTACTGCTGTATTACTATTATTATCTTTAC,CCTATCGTCTGTTATTGCACACGGAGGAGCTTCAGTTGATTTAGCTATTTTCTCACTTCACTTAGCTGGTATCTCATCGATTTTAGGAGCAGTAAATTTCATTACAACAGTTATTAATATACGATCTACAGGAATTTCGTTTGACCGAATACCTCTTTTCGTTTGAGCAGTTGTATTAACAGCCCTATTACTTTTACTATCATTGC,CCTGTCATCTAATATCGCCCATGGAGGTTCATCAGTTGATTTAGCTATTTTTAGATTACATTTAGCAGGGATTTCATCTATTCTAGGAGCTGTAAATTTTATCACAACCGTAATTAATATGCGACCGACAGGAATATCATTTGATCGAATACCGTTATTTGTATGAGCTGTTGTTATTACAGCTATCTTGCTATTACTATCCCTAC,TTTATCTAATAATATTGCTCATAATAATATTTCAGTTGATTTAACAATTTTTTCTCTACATTTAGCAGGAATCTCATCAATTTTAGGAGCAATTAATTTTATTTGTACAATTTTAAATATAATACCTAATAATATAAAATTAAACCAAATTCCATTATTCCCTTGATCAATTTTAATTACAGCTATATTATTAATTTTATCTTTA,ACTCTCATCCAATATCGCCCACGGAGGTTCATCTGTAGATTTGGCCATTTTTAGACTTCATTTAGCTGGAATTTCATCCATTTTAGGAGCAGTGAATTTTATTACTACTGTAATTAATATACGACCCACAGGAATAACATTTGATCGAATACCCCTATTCGTTTGAGCTGTTGTTATTACCGCAATTCTACTGCTTCTTTCACTA,ACTCTCATCCAATATTGCCCACGGAGGTTCATCTGTAGATTTGGCCATTTTTAGACTTCATTTAGCTGGAATTTCATCCATTTTAGGAGCAGTGAATTTTATTACTACTGTAATTAATATACGACCCACAGGAATAACATTTGATCGAATACCCCTATTCGTTTGAGCTGTTGTTATTACCGCAATTCTACTGCTTCTTTCACTA,TTTATCTGCTGGAATTGCCCACGGTGGAGCTTCAGTTGATTTAGCTATTTTTTCTTTACACTTAGCGGGAATTTCCTCAATTCTAGGAGCTGTAAATTTTATTACAACTGTAATTAATATACGGTCAACAGGAATTTCATTAGATCGAATACCTTTATTTGTTTGATCAGTAGTAATTACTGCTTTATTATTACTTTTATCATTAC,TCTATCATCAGGAATCGCCCATGGAGGAGCTTCTGTAGATTTAGCTATTTTTTCTTTACATTTAGCCGGAATCTCTTCAATTTTAGGGGCAGTTAATTTTATTACAACTGTAATTAATATACGATCAACAGGAATTACTCTTGATCGTATACCTTTATTTGTTTGGTCAGTCGTAATTACTGCACTTTTATTATTATTATCTCTT,ACTCTCATCCAATATCGCCCACGGAGGTTCATCTGTAGATTTGGCCATTTTTAGACTTCATTTAGCTGGAATTTCATCCATTTTAGGAGCAGTGAATTTTATTACTACTGTAATTAATATGCGACCCACAGGAATAACATTTGATCGAATACCCCTATTCGTTTGAGCTGTTGTTATTACCGCAATTCTACTGCTTCTTTCACTA,TTTATCTTCAGGAATTGCCCATAGAGGAGCTTCAGTTGATTTAGCTATTTTTTCTCTTCATTTAGCAGGAATTTCATCTATTTTAGGAGCTGTAAATTTTATTACAACTGTAATTAATATACGATCAACAGGAATTACTCTAGATCGAATACCTTTATTTGTTTGATCTGTTGTAATTACAGCTTTATTATTATTATTATCTTTAC,TTTATCAAATAACATTGCACATAACAATATTTCAGTTGATTTAACTATTTTTTCATTACATTTAGCAGGAATCTCCTCAATTTTAGGAGCAATTAACTTTATTTGTACAATTCTTAATATAATACCAAATAATATAAAATTAAATCAAATCCCTCTTTTCCCTTGATCAATTTTAATTACAGCTATTTTATTAATTTTATCTTTA,ATTATCAAATAATATTGCTCATAATAATATTTCAGTTGATTTAACTATTTTTTCTTTACACTTAGCAGGAATTTCATCAATTTTAGGAGCAATTAATTTTATTTGTACAATTTTAAATATAATACCTAATAATTTAAAATTAAATCAAATTCCTCTTTTTCCATGATCAATTCTAATTACAGCTATTCTATTAATCTTATCTTTA,CCTATCGTCTGTTATTGCACACGGAGGGGCTTCAGTTGATTTAGCTATTTTCTCACTTCACTTAGCTGGTATCTCATCGATTTTAGGAGCAGTGAATTTCATTACAACAGTTATTAATATACGATCTACAGGAATTTCGTTTGACCGAATACCTCTTTTCGTTTGAGCAGTTGTATTAACAGCCCTATTACTTTTACTATCATTGC,CCTATCTACTATAATCTCACACTCTGGAGCATCTGTAGACCTATCAATTTTTTCCCTACATCTAGCGGGAATTTCTTCAATTTTAGGAGCAGTAAATTTTATTTCAACAATTATTAACATACGAGCCCCCGGAATATCTTTTGATAAAATACCCTTATTTGTTTGATCTGTATTAATTACAGCAATTTTATTATTACTTTCACTT,GCTCTCATCCAATATCGCCCACGGAGGTTCATCTGTAGATTTGGCCATTTTTAGACTTCATTTAGCTGGAATTTCATCCATTTTAGGAGCAGTGAATTTTATTACTACTGTAATTAATATACGACCCACAGGAATAACATTTGATCGAATACCCCTATTCGTTTGAGCTGTTGTTATTACCGCAATTCTACTACTTCTTTCACTA,ACTCTCATCCAATATCGCCCACGGAGGTTCATCTGTAGATTTGGCCATTTTTAGACTTCATTTAGCTGGAATTTCATCCATTTTAGGAGCAGTGAATTTTATTACTACTGTAATTAATATACGACCCACAGGAATAACATTTGATCGAATACCCCTATTCGTTTGAGCTGTTGTTATTACCGCAATTCTACTACTTCTTTCACTA,TCTATCACAGGTAATGTCCCATCCAAGTGCAGGAGTTGACATTGCTATACTTGCACTTCATGTTGCTGGTATGTCGTCAATTGTTGGGGCGATCAACTTTATAGTTACTATATTTAACATGCGCACAAAAGGAATGTCATTAACTAAGATGCCACTGTTTGTTTGGTCTGTCTTGCTAACAGCATTTATGTTGATTGTTGCCTTA,ATTATCTAATAATATTGCTCATAATAATATTTCAGTTGATTTAACAATTTTTTCACTTCATTTAGCAGGAATTTCCTCAATCTTAGGAGCAATTAATTTTATTTGTACAATTTTAAATATAATACCTAATAATATAAAACTAAATCAAATTCCACTTTTCCCTTGATCAATTTTAATCACAGCTATACTATTAATCTTATCACTA,ACTATCTACTACAATCTCACACTCTGGAGCATCTGTAGACCTATCAATTTTTTCCCTACATCTAGCGGGAATTTCTTCAATTTTAGGAGCAGTTAATTTTATTTCAACAATTATTAACATACGAGCCCCCGGAATATCTTTTGATAAAATACCCTTATTTGTTTGATCTGTGTTAATTACAGCCATTTTATTATTACTTTCACTT,CCTATCGTCTGTTATTGCACACGGAGGGGCTTCAGTTGATTTAGCTATTTTCTCACTTCACTTAGCTGGTATCTCATCGATTTTAGGAGCAGTAAATTTCATTACAACAGTTATTAATATACGATCTACAGGAATTTCGTTTGACCGAATACCTCTTTTCGTTTGAGCAGTTGTATTAACAGCCCTATTACTTTTACTATCATTG,ACTCTCATCCAATATCGCCCACGGAGGTTCATCTGTAGATTTGGCCATTTTTAGACTTCATTTAGCTGGAATTTCATCCATTTTAGGAGCAGTGAATTTTATTACTACTGTAATTAATATACGACCCACAGGAATAACATTTGATCGAATACCCCTATTCGTTTGAGCTGTTGTTATTACCGCAATTCTACTTCTTCTTTCACTA,TTTATCACAGGTAATGTCCCATCCAAGTGCAGGAGTTGACATTGCTATACTTGCACTTCATGTTGCTGGTATGTCGTCAATTGTTGGGGCGATCAACTTTATAGTTACTATATTTAACATGCGCGCAAAAGGCATGTCATTAACTAAGATGCCACTGTTTGTTTGGTCTGTCTTGCTAACAGCATTTATGTTGATTGTTGCCTTAC,ACTCTCATCCAATATCGCCCACGGAGGTTCATCTGTAGATTTGGCCATTTTTAGGCTTCATTTAGCTGGAATTTCATCCATTTTAGGAGCAGTGAATTTTATTACTACTGTAATTAATATACGACCCACAGGAATAACATTTGATCGAATACCCCTATTCGTTTGAGCTGTTGTTATTACCGCAATTCTACTTCTTCTTTCACTA,CCTATCGTCTGTTATTGCACACGGAGGGGCTTCAGTTGATTTAGCTATTTTCTCACTTCACTTAGCTGGTATCTCATCGATTTTAGGAGCAGTAAATTTCATTACAACAGTTATTAATATACGATCTACAGGGATTTCGTTTGACCGAATACCTCTTTTCGTTTGAGCAGTTGTATTAACAGCCCTATTACTTTTACTATCATTGC,CCCTATCTACTACAATCTCGCACTCTGGAGCATCCGTAGATCTATCAATTTTTTCCCTACATCTAGCGGGAATCTCTTCAATTTTAGGAGCAGTTAATTTTATTTCAACAATTATTAACATACGAGCCCCCGGGATATCTTTTGATAAAATACCCTTATTTGTTTGATCTGTGTTAATTACAGCCATTTTATTATTACTTTCACTT,TCTGTCATCTAATATCGCCCATGGAGGTTCATCAGTTGATTTAGCTATTTTTAGATTACATTTAGCAGGGATTTCATCTATTCTAGGAGCTGTAAATTTTATCACAACCGTAATTAATATGCGACCAACAGGAATATCATTTGATCGAATACCATTGTTTGTATGAGCTGTTGTTATTACAGCTATCTTGCTATTACTATCCCTAC,TCTATCTACTACAATCTCGCACTCCGGAGCATCTGTAGACCTATCAATTTTTTCCCTCCATCTAGCAGGAATTTCTTCAATTTTAGGAGCAGTTAATTTTATTTCAACAATTATTAATATACGAGCCCCCGGCATATCTTTTGATAAAATACCATTATTTGTTTGATCTGTATTAATTACAGCAATTTTACTATTACTTTCACTT,CCTATCATCAGGGATTGCTCATGGAGGAGCTTCTGTAGATTTAGCTATTTTTTCTTTACATTTAGCCGGAATTTCTTTAATTTTAGGGGCAGTTAATTTTATCACTACTGTAATTAATATACGATCAACAGGAATTACTCTTGATCGTATACCTTTATTTGTTTGATCAGTTGTAATTACTGCACTTTTGTTATTATTGTCACTT,CCTATCATCAGGGATTGCTCATGGAGGAGCTTCTGTAGATTTAGCTATTTTTTCTTTACATTTAGCCGGAATTTCTTTAATTTTAGGGGCAGTTAATTTTATCACTACTGTAATTAATATACGATCAACAGAAATTACTCTTGATCGTATACCTTTATTTGTTTGATCAGTTGTAATTACTGCACTTTTGTTATTATTGTCACTT,CCTATCGTCTGTTATTGCACACGGAGGGGCTTCAGTTGATTTAGCTATTTTCTCACTTCACTTAGCTGGTATCTCATCGATTTTAGGAGCAGTAAATTTCATTACAACAGTTATTAATATACGATCTACAGGAATTTCGTTTGACCGGATACCTCTTTTCGTTTGAGCAGTTGTATTAACAGCCCTATTACTTTTACTATCATTGC,TTTATCAAATAACATTGCACATAACAATATTTCAGTTGATTTAACTATTTTTTCCTTACATTTAGCAGGAATCTCCTCAATTTTAGGAGCAATTAACTTTATTTGTACAATTCTTAATATAATACCAAATAATATAAAATTAAATCAAATTCCTCTTTTTCCTTGATCAATTCTAATTACAGCTATTTTATTAATTTTATCTTTA,CCTATCTACTACAATCTCGCACTCTGGAGCATCCGTAGATCTATCAATTTTTTCCCTACATCTAGCGGGAATCTCTTCAATTTTAGGAGCAGTTAATTTTATTTCAACAATTATTAACATACGAGCCCCCGGGATATCTTTTGATAAAATACCCTTATTTGTTTGATCTGTGTTAATTACAGCCATTTTATTATTACTTTCACTT,CCTATCTACTATAATCTCACACTCTGGAACATCTGTAGACCTATCAATTTTTTCCCTACATCTAGCGGGAATTTCTTCAATTTTAGGAGCAGTAAATTTTATTTCAACAATTATTAACATACGAGCCCCCGGAATATCTTTTGATAAAATACCCTTATTTGTTTGATCTGTATTAATTACAGCAATTTTATTATTACTTTCACTTC,TCTATCAACAGGAATCGCCCATGGAGGAGCTTCTGTAGATTTAGCTATTTTTTCTTTACATTTAGCCGGAATCTCTTCAATTTTAGGGGCAGTTAATTTTATTACAACTGTAATTAATATACGATCAACAGGAATTACTCTTGATCGTATACCTTTATTTGTTTGGTCAGTCGTAATTACTGCACTTTTATTATTATTATCACTT,TCTATCATCATGAATCGCCCATGGAGGAGCTTCTGTAGATTTAGCTATTTTTTCTTTACATTTAGCCGGAATCTCTTCAATTTTAGGGGCAGTTAATTTTATTACAACTGTAATTAATATACGATCAACAGGAATTACTCTTGATCGTATACCTTTATTTGTTTGGTCAGTCGTAATTACTGCACTTTTATTATTATTATCACTT,TTTATCAAACAACATTGCAACATAATAATATTTCAGTTGATTTAACTATTTTTTCTTTACATTTAGCAGGAATTTCTTCAATTTTAGGAGCAATTAACTTTATTTGTATGATTCTTAATATAATACCAAATAATATAAAATTAAATCAAATTCCTCTTTTCCCTTGATCAATTTTAATTACAGCTATTTTATTAATTTTATCTTTA,ACTGGCAGGACTACAAAGTCATTCAGGAGGATCAATTGATCTAGCTATCTTTAGTCTTCACCTATCAGGTATCTCATCTATGCTAGGTGCTATGAACTTCATGGTAACTATCCTGAATATGCGAGCTTCAGGTATGACAATGTACAAAATGCCACTATTTGTATGGGCAGTATTTGTAACATCAATTCTACTTATTACTACACTA,TCTGTCATCTAATATCGCCCATGGAGGTTCATCAGTTGATTTAGCTATTTTTAGATTACATTTAGCAGGGATTTCATCTATTCTAGGAGCTGTAAATTTCATCACAACCGTAATTAATATACGACCGACAGGAATATCGTTTGATCGAATACCATTATTTGTATGAGCTGTTGTTATTACAGCTATCTTGCTATTACTATCCCTA,ATTATCAGGTATACAAAGTCACAGTGGTCCTAGTGTAGATTTAGCTATCTTCGCTCTACATCTATCAGGGATAAGTAGTCTATTAGGGGCTATGAATTTTATAACTACTATACTTAATATGAGAAGTCCAGGAATAAGACTACACAAATTGGCTTTATTTGGTTGAGCAGTAGTGGTAACAGCCGTGTTATTACTTTTATCTTTA,TTTATCAAATAACATTGCTCATAATAATATTTCAGTTGATTTAACTATTTTTTCCTTACATTTAGCAGGAATTTCCTCAATTTTAGGAGCAATTAACTTTATTTGTACAATTCTTAATATAATACCAAATAATATAAAATTAAATCAAATTCCTCTTTTTTCTTGATCAATTTTAATTACACCTATTTTATTAATTTCATCTTTA,TTTATCAAACAACATTGCGACATAATAATATTTCAGTTGATTTAACTATTTTTTCTTTACATTTAGCAGGAATTTCTTCAATTTTAGGAGCAATTAACTTTATTTGTATGATTCTTAATATAATACCAAATAATATAAAATTAAATCAAATTCCTCTTTTCCCTTGATCAATTTTAATTACAGCTATTTTATTAATTTTATCTTTA
CGK9B_I1P1_ext1_pcr1_fwhF2-fwhR2n,9063,266379,6039,0,0,1497,0,0,0,1794,0,325,0,0,48,712,0,0,0,0,0,0,0,0,0,0,0,0,0,0,0,0,0,0,0,0,0,0,0,0,0,0,0,0,0,38,0,0,0,0,0,0,0,0,0,0,0,0,0,0,0,0,0,12,0,0,0,0,0,0,0,0,0,0,0,0,6,0,0,0,0,0,0,0,0,0,0,0,0,0,0,0,0,0,0,0,0,0,0,0,0,0,0,0,0,0,0,0,0,0,0,0,0,0,0,0,0,0,0,0,0,5638,0,0,0,420,2700,508,0,210,649,0,32,254,0,0,76,50,0,6,0,0,175,0,0,0,0,0,0,0,0,0,0,0,0,0,0,0,0,0,0,0,0
CGK9B_I1P2_ext1_pcr1_fwhf2-HexCOIR4,0,0,0,6254,11838,0,2359,3011,975,0,0,0,229,80,0,0,365,0,0,199,882,17,84,0,0,0,0,0,0,0,0,0,1,0,0,0,0,0,0,0,0,0,0,0,0,0,0,0,0,0,0,0,0,0,0,0,0,0,0,0,0,0,0,0,0,0,0,0,0,0,0,0,0,0,0,0,0,0,0,0,0,0,0,0,0,0,0,0,0,0,0,0,0,0,0,0,0,0,2,0,0,0,0,0,0,0,0,0,0,0,0,0,0,0,0,0,0,0,2082,188995,4510,0,1584,1,112,0,0,0,548,0,0,52,0,0,0,0,0,0,0,0,0,0,0,0,0,0,0,0,0,0,0,0,0,0,0,0,0,0,0,0,0,0,0
CGK9B_I2P1_ext1_pcr1_fwhF2-fwhR2n,4032,9809,355,0,0,3058,0,0,0,0,1,9241,0,0,259,372,0,13,0,0,0,0,0,0,0,0,0,0,0,0,0,0,0,0,0,0,25,0,0,0,0,0,0,0,0,24,0,0,0,0,0,0,0,0,0,0,0,0,0,0,0,0,0,0,16,0,0,0,0,0,0,0,0,7,0,0,0,0,0,0,0,4,0,0,0,0,0,0,0,0,0,0,0,0,0,0,0,0,0,0,0,0,0,0,0,0,0,0,0,0,0,0,0,0,0,0,0,0,0,0,0,453,0,0,0,299,1920,740,0,451,611,0,78,78,0,0,186,36,1,0,0,0,58,0,10,0,0,0,0,0,0,0,0,0,0,0,0,0,0,0,0,0,0
CGK9B_I2P2_ext1_pcr1_fwhf2-HexCOIR4,0,0,0,875,17675,0,6974,5342,1018,0,0,0,873,369,0,0,161,0,0,1577,664,0,326,133,0,0,0,0,0,0,0,0,0,0,0,0,0,0,0,0,0,0,0,0,0,0,0,0,0,0,9,0,0,0,0,0,12,0,0,0,0,0,0,0,0,0,0,0,0,0,0,0,0,0,0,0,0,0,0,0,0,0,0,0,0,0,0,0,0,0,0,0,0,0,0,0,0,0,0,0,0,0,0,0,0,0,0,0,0,0,0,0,0,0,0,0,0,0,1686,12535,445,0,0,0,8793,0,0,0,1984,0,0,322,0,0,0,0,0,0,0,0,0,0,0,0,0,0,0,51,0,0,0,0,0,0,0,0,0,0,0,0,0,0,0
CGK9B_I3P1_ext1_pcr1_fwhF2-fwhR2n,28715,50277,1801,0,0,8034,0,0,0,241,4,100,0,0,229,9,0,2,0,0,0,0,0,0,0,0,0,0,0,0,0,123,0,0,0,0,0,0,0,0,0,0,0,49,0,6,0,0,0,0,0,0,0,0,0,0,0,0,0,0,0,0,0,0,0,0,0,0,0,0,0,0,0,0,0,0,0,0,0,0,0,0,0,0,0,0,0,0,0,3,0,0,0,0,0,0,0,0,0,0,0,0,0,0,0,0,0,0,0,0,0,0,0,0,0,0,0,0,0,0,0,3322,0,0,0,4207,90,11,0,188,62,0,100,73,0,0,0,3,8,0,0,0,0,0,0,0,0,0,0,0,0,0,0,0,0,0,0,0,0,0,0,0,0
CGK9B_I3P2_ext1_pcr1_fwhf2-HexCOIR4,0,0,0,3961,747,0,0,214,11222,0,0,0,307,300,0,0,152,0,0,34,26,0,0,0,0,0,0,0,7,0,0,0,0,3,0,0,0,0,0,0,0,0,0,0,0,0,0,0,117,0,0,0,0,0,0,0,8,0,0,0,0,0,0,0,0,0,0,0,12,0,0,0,0,0,0,0,0,0,0,0,0,0,0,0,0,0,0,0,0,0,0,0,0,0,0,0,0,0,0,0,0,0,0,0,0,0,0,0,0,0,0,0,0,0,0,0,0,0,10199,51195,2513,0,517,0,50,0,0,0,3801,0,0,149,0,0,0,0,0,0,0,0,0,0,0,0,0,21,0,0,0,0,0,13,0,0,0,0,0,0,0,0,0,0,0
CGK9B_I4P1_ext1_pcr1_fwhF2-fwhR2n,211044,5101,16980,0,0,5717,0,0,0,10411,0,158,0,0,806,89,0,20,0,0,0,0,0,0,0,0,0,0,0,0,0,0,0,0,0,0,0,0,0,0,0,0,0,104,0,37,0,0,0,0,0,0,0,0,0,0,0,0,0,0,0,0,0,0,0,0,9,0,0,0,0,0,0,0,7,0,0,0,0,0,0,0,0,0,0,0,0,0,0,0,0,0,0,0,0,0,0,0,0,0,0,0,0,0,0,0,0,0,0,0,0,0,0,0,0,0,0,0,0,0,0,4544,0,0,0,5076,1121,142,0,1522,94,0,1811,2013,0,0,9,0,95,487,0,39,41,0,0,0,0,0,0,0,0,0,7,0,0,0,0,8,0,0,7,0,0
CGK9B_I4P2_ext1_pcr1_fwhf2-HexCOIR4,0,0,0,13436,9425,0,2169,990,18037,0,0,0,3907,7564,0,0,3795,0,0,153,871,3137,0,0,0,0,86,130,70,0,130,0,0,23,0,0,0,0,0,0,0,0,0,0,0,0,0,0,0,0,0,0,68,0,0,49,0,0,32,0,0,0,0,0,0,0,0,0,0,7,0,0,0,0,0,0,0,0,0,0,0,0,0,0,0,0,0,0,0,0,0,0,0,0,0,0,0,0,0,2,0,0,0,0,0,0,0,0,0,0,0,0,0,0,0,0,0,0,90484,7124,21009,0,12658,0,18,0,0,0,4699,0,0,537,0,0,0,0,0,0,0,0,0,0,0,0,0,0,0,0,0,0,0,51,0,0,0,0,0,0,0,0,0,0,0
CGK9B_I5P1_1_10_ext1_pcr1_fwhF2-fwhR2n,8271,30658,15611,0,0,716,0,0,0,5053,27016,184,0,0,932,973,0,0,0,0,0,0,0,0,0,0,0,0,0,0,0,0,0,0,0,0,0,0,0,0,0,0,12,0,0,0,0,0,0,0,0,0,0,0,0,0,0,0,0,0,0,0,0,0,0,0,0,0,0,0,0,0,0,0,0,0,0,0,0,0,0,0,0,0,0,0,0,0,0,0,0,0,0,0,0,0,0,0,0,0,0,0,0,0,0,0,0,0,0,0,0,0,0,0,0,0,0,0,0,0,0,0,0,0,0,6114,2473,248,0,316,292,0,484,223,0,266,206,91,0,23,123,0,0,0,0,0,18,0,0,0,0,0,0,0,0,0,0,0,0,0,0,0,0
CGK9B_I5P1_1_20_ext1_pcr1_fwhF2-fwhR2n,7001,22665,13657,0,0,631,0,0,0,4674,19148,76,0,0,741,856,0,0,0,0,0,0,0,0,0,0,0,0,0,0,0,0,0,0,0,0,28,0,0,0,0,0,3,0,0,0,0,0,0,0,0,0,0,0,0,0,0,0,0,0,0,0,0,0,0,0,0,0,0,0,10,0,0,0,0,0,0,0,0,0,0,0,0,0,0,0,0,0,0,0,0,0,0,0,0,0,0,0,0,0,0,0,0,0,0,0,0,0,0,0,0,0,0,0,0,0,0,0,0,0,0,0,0,0,0,6856,2303,168,0,334,194,0,524,324,0,229,168,118,0,12,10,0,0,0,0,0,27,0,19,0,0,0,0,0,0,0,0,0,0,0,0,0,0
CGK9B_I5P1_ext1_pcr1_fwhF2-fwhR2n,6392,31045,15275,0,0,919,0,0,0,4300,22574,243,0,0,603,1375,0,0,0,0,0,0,0,0,0,0,0,0,0,0,0,0,0,0,0,0,2,0,0,0,0,0,10,0,0,5,0,0,0,0,0,0,0,0,0,0,0,0,0,0,2,0,0,0,0,0,0,0,0,0,0,0,0,0,0,0,0,0,5,0,0,0,0,0,0,0,0,0,0,0,0,0,0,0,0,0,0,0,0,0,2,0,0,0,0,0,0,0,0,0,0,0,0,0,0,0,0,0,0,0,0,2,0,0,0,2984,3851,138,0,314,326,0,339,193,0,333,102,75,0,11,52,0,0,0,0,0,26,0,11,0,0,0,0,0,0,0,0,0,0,0,0,0,0
CGK9B_I5P2_1_10_ext1_pcr1_fwhf2-HexCOIR4,0,0,0,0,15194,0,971,1683,9004,0,0,0,409,748,0,0,234,0,570,812,0,144,559,0,0,0,0,2,17,37,12,0,0,0,0,0,0,0,0,0,0,0,0,0,20,0,0,0,0,0,0,0,0,0,0,0,0,0,0,0,0,0,0,0,0,0,0,0,0,0,0,0,0,0,0,0,0,0,0,0,0,0,0,0,0,0,0,0,0,0,0,0,0,0,0,0,0,0,0,0,0,0,0,0,0,0,0,0,0,0,0,0,0,0,0,0,0,0,2469,23022,7358,0,3057,18707,128,0,0,0,291,0,0,364,0,0,0,0,0,0,0,0,0,0,0,0,0,0,0,0,0,0,0,0,0,0,0,0,0,0,0,0,0,0,0
CGK9B_I5P2_1_20_ext1_pcr1_fwhf2-HexCOIR4,0,0,0,0,19405,0,1185,2530,15445,0,0,0,869,1535,0,0,537,0,679,963,0,105,611,0,0,0,0,0,6,106,0,0,0,0,0,48,0,0,0,0,0,0,0,0,57,0,0,0,0,0,0,84,0,0,0,0,0,0,0,0,0,0,0,0,0,0,0,0,0,0,0,0,0,0,0,0,0,0,0,0,0,0,4,0,0,0,0,0,0,0,0,0,0,0,0,0,0,0,0,0,0,0,0,0,0,0,0,0,0,0,0,0,0,0,0,0,0,0,3035,29445,10386,0,4399,22163,88,0,0,0,576,0,0,451,0,0,0,0,0,0,0,0,0,0,0,0,0,0,0,0,0,0,0,0,0,0,0,0,0,0,0,0,0,0,0
CGK9B_I5P2_ext1_pcr1_fwhf2-HexCOIR4,0,0,0,0,21594,0,755,1769,5740,0,0,0,572,653,0,0,162,0,820,548,0,47,490,0,0,0,0,1,10,99,0,0,5,1,0,0,0,0,0,0,0,0,0,0,51,0,0,0,0,0,0,0,0,0,0,0,0,0,0,0,0,0,0,0,0,0,0,0,0,0,0,0,0,0,0,0,0,0,0,0,0,0,0,0,0,0,0,0,0,0,3,0,0,0,0,0,0,0,0,0,0,2,0,0,0,0,0,0,0,0,0,0,0,0,0,0,0,0,2384,34992,8228,0,3218,21307,212,0,0,0,427,0,0,427,0,0,0,0,0,0,0,0,0,0,0,5,0,0,0,0,0,0,0,0,0,0,0,0,0,0,0,0,0,0,0
CGK9B_I6P1_1_10_ext1_pcr1_fwhF2-fwhR2n,11793,974,1463,0,0,1291,0,0,0,344,0,326,0,0,936,82,0,0,0,0,0,0,0,0,0,0,0,0,0,0,0,109,0,0,0,0,0,0,0,0,0,0,6,0,0,6,0,0,0,0,0,0,0,0,0,0,0,0,0,0,0,0,0,0,0,0,0,0,0,0,0,0,0,0,0,0,0,0,0,5,0,0,0,0,0,0,0,0,0,0,0,0,0,0,0,0,0,0,0,0,0,0,0,0,0,0,0,0,0,0,0,0,0,0,0,0,0,0,0,0,0,13071,0,0,0,2850,895,218,0,954,488,0,109,902,0,0,32,74,0,0,0,0,0,0,3,0,0,0,0,0,0,0,0,0,0,0,0,0,0,0,0,0,3
CGK9B_I6P1_1_20_ext1_pcr1_fwhF2-fwhR2n,15161,1221,1786,0,0,1424,0,0,0,400,0,228,0,0,1392,123,0,0,0,0,0,0,0,0,0,0,0,0,0,0,0,97,0,0,0,0,0,0,0,0,0,0,15,0,0,0,0,0,0,0,0,0,0,0,0,0,0,0,0,0,8,0,0,0,0,0,0,0,0,0,0,0,0,0,0,0,0,0,0,0,0,0,0,0,0,0,0,0,0,0,0,0,0,0,0,0,0,0,0,0,0,0,0,0,0,0,0,0,0,0,0,0,0,0,0,0,0,0,0,0,0,14123,0,0,0,4899,1120,235,0,1289,691,0,141,1873,0,0,25,21,0,0,0,0,0,0,2,0,0,0,0,0,0,0,0,0,0,0,0,0,7,0,0,0,0
CGK9B_I6P1_ext1_pcr1_fwhF2-fwhR2n,12148,1403,1594,0,0,1411,0,0,0,313,0,350,0,0,1274,173,0,0,0,0,0,0,0,0,0,7,0,0,0,0,0,41,0,0,0,0,5,0,0,0,0,0,8,0,0,6,0,0,0,0,0,0,0,0,0,0,0,0,0,0,4,0,0,0,0,0,0,0,0,0,0,0,0,0,0,0,0,0,0,0,0,0,0,4,0,0,0,0,0,0,0,0,0,0,0,0,0,0,0,0,0,0,0,0,0,0,0,0,0,0,0,0,0,0,0,0,0,0,0,0,0,8163,0,0,0,2038,1382,228,0,1293,840,0,71,640,0,0,29,41,0,0,0,0,0,0,0,0,0,0,0,0,0,0,2,0,0,0,0,0,0,0,0,0,0
CGK9B_I6P2_1_10_ext1_pcr1_fwhf2-HexCOIR4,0,0,0,24189,7335,0,1438,3912,5325,0,0,0,2134,201,0,0,1330,0,0,196,30,0,286,0,0,0,0,0,5,0,4,0,8,0,0,0,0,0,0,0,0,0,0,0,0,0,0,0,0,0,0,0,0,0,0,0,4,0,0,0,0,0,0,0,0,0,0,0,0,0,0,0,0,0,0,0,0,0,0,0,0,0,0,0,0,0,0,0,0,0,0,0,0,0,0,0,0,0,0,0,0,0,0,0,0,0,0,0,0,0,0,0,0,0,0,0,0,0,4276,1073,777,0,243,0,191,0,0,0,637,0,0,764,0,0,0,0,0,0,0,0,0,0,0,0,0,44,0,0,0,0,0,0,0,0,0,0,0,0,0,0,0,0,0
CGK9B_I6P2_1_20_ext1_pcr1_fwhf2-HexCOIR4,0,0,0,17969,5208,0,1475,3129,5569,0,0,0,1645,133,0,0,1777,0,0,190,0,0,239,0,0,0,0,3,2,0,2,0,16,27,0,14,0,0,0,0,0,0,0,0,0,0,0,0,0,0,0,0,0,0,0,0,0,0,0,0,0,0,0,0,0,0,0,0,0,0,0,0,0,0,0,0,0,0,0,0,0,0,0,0,0,0,0,0,0,0,0,0,0,0,0,0,0,0,0,0,0,0,0,0,0,0,0,0,0,0,0,0,0,0,0,0,0,0,3768,428,790,0,259,0,134,0,0,0,416,0,0,687,0,0,0,0,0,0,0,0,0,0,0,7,0,28,0,0,0,0,0,0,0,0,0,0,0,0,0,0,0,0,0
CGK9B_I6P2_ext1_pcr1_fwhf2-HexCOIR4,0,0,0,14102,8346,0,1772,4960,3938,0,0,0,2344,156,0,0,817,0,0,230,54,0,263,0,0,0,0,0,13,0,18,0,9,8,0,0,0,0,0,0,0,0,0,0,0,0,0,0,0,0,0,0,0,0,0,0,0,0,0,0,0,0,0,0,0,0,0,13,0,3,0,0,0,0,0,0,0,0,0,0,0,0,0,0,0,0,0,0,0,0,0,3,0,0,0,0,0,0,0,0,0,0,0,0,0,0,0,0,0,0,0,0,0,0,0,0,0,0,4801,1496,920,0,232,0,297,0,0,0,659,0,0,814,0,0,0,0,0,0,0,0,0,0,0,0,0,30,0,0,0,0,0,0,0,0,0,0,0,0,0,0,0,0,0
CGK9B_I7P1_1_10_ext1_pcr1_fwhF2-fwhR2n,25781,1136,3333,0,0,68,0,0,0,21,0,26,0,0,67,6,0,5629,0,0,0,0,0,0,0,0,0,0,0,0,0,0,0,0,0,0,0,0,0,0,0,0,0,0,0,0,0,0,0,0,0,0,0,0,0,0,0,0,0,0,0,0,0,7,0,0,0,0,0,0,0,0,8,0,0,0,0,0,0,0,0,0,0,0,0,0,0,0,0,0,0,0,0,0,0,0,0,0,0,0,0,0,0,0,0,0,0,0,0,0,0,0,0,0,0,0,0,0,0,0,0,0,0,0,0,627,22,15,0,1541,0,0,174,72,0,2,0,0,6,0,10,0,0,0,0,0,0,0,0,0,7,0,0,0,0,0,29,0,0,0,0,0,0
CGK9B_I7P1_1_20_ext1_pcr1_fwhF2-fwhR2n,27075,672,4129,0,0,58,0,0,0,22,0,0,0,0,96,3,0,4428,0,0,0,0,0,0,0,0,0,0,0,0,0,0,0,0,0,0,0,0,0,0,0,0,0,0,0,0,0,0,0,0,0,0,0,0,0,0,0,0,0,29,0,0,0,0,0,0,0,0,0,0,0,0,0,0,0,0,0,0,0,0,0,0,0,0,4,0,0,0,0,0,0,0,0,0,0,0,0,0,0,0,0,0,0,0,0,0,0,0,0,0,0,0,0,0,0,0,0,0,0,0,0,0,0,0,0,1155,11,6,0,1658,3,0,496,183,0,9,0,0,19,0,0,0,0,0,0,0,0,0,0,10,0,0,11,0,0,34,0,0,0,0,0,0,0
CGK9B_I7P1_ext1_pcr1_fwhF2-fwhR2n,27822,1132,3208,0,0,129,0,0,0,31,0,27,0,0,46,3,0,2959,0,0,0,0,0,0,0,0,0,0,0,0,0,0,0,0,0,0,0,0,0,0,0,0,0,0,0,0,0,0,0,0,0,0,0,0,0,0,0,0,0,0,0,0,0,0,0,0,0,0,0,0,0,0,0,0,0,0,0,0,0,0,0,0,0,0,0,0,0,0,0,0,0,0,0,0,0,0,0,0,0,0,0,0,0,0,0,0,0,0,0,0,0,0,0,0,0,0,0,0,0,0,0,2,0,0,0,410,46,12,0,1761,0,0,138,37,0,11,1,0,12,0,0,0,0,0,0,0,0,0,0,8,0,0,0,0,0,0,0,0,0,0,0,0,0
CGK9B_I7P2_1_10_ext1_pcr1_fwhf2-HexCOIR4,0,0,0,0,97,0,117,0,1003,0,0,0,2986,488,0,0,81,0,0,0,0,0,0,0,0,0,0,5,27,0,17,0,37,4,0,17,0,27,8,0,0,0,0,0,0,0,0,0,0,0,33,0,0,0,1,0,0,0,0,0,0,0,0,0,0,0,0,0,0,0,0,0,0,0,0,7,0,0,0,0,0,0,0,0,0,0,0,0,0,0,0,0,0,0,0,0,0,0,0,0,0,0,0,0,0,0,0,0,0,0,0,0,0,0,0,0,0,0,8655,1389,1988,0,17,0,37,0,0,0,33,0,0,45,0,0,4721,0,0,0,0,0,0,0,0,0,0,0,0,0,0,0,0,0,0,0,0,0,0,0,0,0,0,0,0
CGK9B_I7P2_1_20_ext1_pcr1_fwhf2-HexCOIR4,0,0,0,0,0,0,30,0,1778,0,0,0,2734,614,0,0,124,0,0,0,0,0,34,0,0,0,0,0,5,0,15,0,0,2,0,0,0,0,0,0,0,0,0,0,0,0,102,0,0,0,15,0,0,0,1,0,9,0,0,0,0,0,0,0,0,0,0,0,0,0,0,0,0,0,0,0,0,0,0,0,0,0,0,0,0,0,0,0,0,0,0,0,0,0,0,0,0,0,0,0,0,0,0,0,0,0,0,0,0,0,0,0,0,0,0,0,0,0,8722,889,1856,0,18,0,0,0,0,0,48,0,0,32,0,0,3906,0,0,0,0,0,0,0,0,0,0,0,0,0,0,0,0,0,0,0,0,0,0,0,0,0,0,0,0
CGK9B_I7P2_ext1_pcr1_fwhf2-HexCOIR4,0,0,0,0,240,0,122,31,909,0,0,0,3479,346,0,0,51,0,17,13,0,0,0,2,0,0,0,0,10,0,5,0,23,0,0,0,0,10,6,0,0,0,0,0,0,0,0,0,0,0,30,0,0,0,2,0,0,0,0,0,0,0,0,0,0,15,0,0,0,0,0,0,0,0,0,0,0,0,0,0,0,0,0,0,0,4,0,0,0,0,0,0,0,0,0,0,0,0,0,0,0,0,2,0,0,0,0,0,0,0,0,0,0,0,0,0,0,0,11983,1513,2454,0,31,0,23,0,0,0,93,0,0,33,0,0,2925,0,0,0,0,0,0,0,0,3,0,0,0,0,0,0,0,0,0,0,0,0,0,0,0,0,0,0,0
CGK9B_I8P1_1_10_ext1_pcr1_fwhF2-fwhR2n,110712,44057,3576,0,0,1549,0,0,0,396,0,489,0,0,448,0,0,0,0,0,0,0,0,0,0,0,0,0,0,0,0,0,0,0,0,0,0,0,0,0,0,0,8,0,0,0,0,0,0,0,0,0,0,0,0,0,0,0,0,0,0,0,0,0,0,0,0,0,0,0,0,0,0,0,0,0,0,0,0,0,0,0,0,0,0,0,0,0,0,0,0,0,0,0,0,0,0,0,0,0,0,0,0,0,0,0,0,0,0,0,0,0,0,0,0,0,0,0,0,0,0,11888,0,0,0,3842,376,0,0,3961,32,0,2523,344,0,0,0,0,42,1,0,33,0,0,30,0,0,0,0,5,7,0,1,0,0,0,0,0,0,0,0,0,0
CGK9B_I8P1_1_20_ext1_pcr1_fwhF2-fwhR2n,133260,47436,4933,0,0,1760,0,0,0,448,0,535,0,0,524,14,0,0,0,0,0,0,0,0,0,0,0,0,0,0,0,0,0,0,0,0,0,0,0,0,0,0,21,0,0,2,0,0,0,0,0,0,0,0,0,0,0,0,0,0,0,0,0,0,0,0,0,0,0,0,0,0,0,0,0,0,0,0,0,0,0,0,0,0,0,0,0,0,0,0,0,0,0,0,0,0,0,0,0,0,0,0,0,0,0,0,0,0,0,0,0,0,0,0,0,0,0,0,0,0,0,12407,0,0,0,6038,338,15,0,4410,52,0,3997,537,0,0,0,6,75,0,0,142,0,0,22,0,0,0,0,19,0,0,26,0,0,0,0,0,0,9,0,5,0
CGK9B_I8P1_ext1_pcr1_fwhF2-fwhR2n,136275,71469,4172,0,0,2454,0,0,0,373,0,971,0,0,392,0,0,0,0,0,0,0,0,0,0,0,0,0,0,0,0,0,0,0,0,0,0,0,0,0,0,0,50,0,0,2,0,0,0,0,0,0,0,0,0,0,0,0,0,0,0,0,21,0,0,0,2,0,0,0,0,10,0,0,0,0,0,0,0,0,0,0,0,0,0,0,0,0,0,0,0,0,0,0,0,0,0,0,0,0,0,0,0,2,0,0,0,0,0,0,0,0,0,0,0,0,0,0,0,0,0,20331,0,0,0,2495,457,15,0,5125,89,0,2137,232,0,0,2,0,64,0,0,131,35,0,64,0,0,0,0,27,29,0,9,0,0,0,0,0,0,0,0,0,0
CGK9B_I8P2_1_10_ext1_pcr1_fwhf2-HexCOIR4,0,0,0,28443,2775,0,25,450,8070,0,0,0,8882,6799,0,0,536,0,0,0,235,8,10,420,0,0,239,69,34,0,44,0,61,14,0,0,0,34,39,0,0,0,0,0,0,0,0,0,0,0,0,0,0,0,7,0,0,0,0,0,0,0,0,0,0,0,0,0,0,0,0,0,0,0,0,0,0,0,0,0,0,0,0,0,0,0,0,0,0,0,0,0,0,0,0,0,0,0,0,0,0,0,0,0,0,0,0,0,0,0,0,0,0,0,0,0,0,0,45725,59136,2461,0,318,0,670,0,0,0,1553,0,0,238,0,0,0,0,0,0,0,0,0,0,0,0,0,0,0,0,0,0,0,0,0,0,0,0,0,0,0,0,0,0,0
CGK9B_I8P2_1_20_ext1_pcr1_fwhf2-HexCOIR4,0,0,0,27204,3810,0,293,119,11991,0,0,0,9437,8430,0,0,766,0,0,0,369,11,0,454,0,0,193,70,69,0,24,0,172,90,278,23,0,0,98,0,0,0,0,0,0,0,0,0,0,0,0,0,0,0,31,0,0,0,0,0,0,0,0,0,0,0,0,0,0,0,0,0,0,0,0,0,0,0,0,0,0,0,0,0,0,0,0,0,0,0,0,0,0,0,0,0,0,0,0,0,0,0,0,0,0,0,0,0,0,0,0,0,0,0,0,0,0,0,56011,58787,3220,0,397,16,521,0,0,0,1040,0,0,242,0,0,0,0,0,0,0,0,0,0,0,48,0,0,0,0,0,0,0,0,0,0,0,0,0,0,0,0,0,0,0
CGK9B_I8P2_ext1_pcr1_fwhf2-HexCOIR4,0,0,0,36367,3011,0,42,738,5320,0,0,0,9454,5020,0,0,349,0,0,0,230,2,0,573,0,0,187,42,52,0,23,0,29,25,0,0,0,26,21,0,0,0,0,0,0,0,0,0,0,0,0,0,0,0,9,0,0,0,0,0,0,0,0,0,0,0,0,0,0,0,0,0,0,0,0,0,0,0,0,0,0,0,0,0,0,0,4,0,0,0,0,0,3,0,0,0,0,0,0,0,0,0,0,0,2,0,0,0,0,0,0,0,0,0,0,0,0,0,56794,82269,2769,0,334,0,799,0,0,0,1362,0,0,321,0,0,0,0,0,0,0,0,0,0,0,9,0,0,0,0,0,0,0,0,0,0,0,0,0,0,0,0,0,0,0
CJL7D_D1P1_ext1_pcr1_fwhF2-fwhR2n,13247,14192,71874,0,0,1253,0,0,0,5754,0,11256,0,0,1541,651,0,0,0,0,0,0,0,0,0,9,0,0,0,0,0,0,0,0,0,0,9,0,0,0,0,0,0,0,0,0,0,0,0,0,0,0,0,0,0,0,0,0,0,0,0,0,0,0,0,0,0,0,0,0,0,0,0,0,0,0,0,0,0,0,0,0,0,0,0,0,0,0,0,0,0,0,0,3,0,0,0,0,0,0,0,0,0,0,0,2,0,0,0,0,0,0,0,0,0,0,0,0,0,0,0,893,0,0,0,317,918,1594,0,698,1122,0,56,35,0,0,0,0,9,0,0,0,0,0,0,0,0,0,0,0,2,0,0,0,0,0,0,0,0,0,0,0,0
CJL7D_D1P2_ext1_pcr1_fwhf2-HexCOIR4,0,0,0,1173,5415,0,10080,6966,688,0,0,0,1119,110,0,0,38,0,0,0,0,0,0,0,0,0,0,0,5,0,0,0,0,4,0,0,0,0,0,0,0,0,0,0,0,0,0,7,0,0,0,0,0,0,0,0,2,0,0,0,0,0,0,0,0,0,0,0,0,0,0,0,0,0,0,0,0,0,0,0,0,0,0,0,0,0,0,0,0,0,0,0,0,0,0,0,0,0,0,0,0,0,0,0,0,0,0,0,0,0,0,0,0,0,0,0,0,0,3879,12532,40582,0,4966,0,7139,0,0,0,645,0,0,1050,0,0,0,0,0,0,0,0,0,0,0,0,0,0,0,6,0,0,0,0,0,0,0,0,0,0,0,0,0,0,0
CJL7D_D2P1_ext1_pcr1_fwhF2-fwhR2n,19437,10591,7294,0,0,935,0,0,0,0,0,8755,0,0,1038,902,0,0,0,0,0,0,0,0,0,0,0,0,0,0,0,0,0,0,0,0,11,0,0,0,0,0,0,0,0,0,0,0,0,0,0,0,0,0,0,0,0,0,0,0,0,26,0,0,0,0,0,0,0,0,0,0,0,0,0,0,0,0,0,0,0,0,0,0,0,0,0,0,0,0,0,0,0,0,0,0,0,0,0,0,0,0,0,0,0,0,0,0,0,0,0,0,0,0,0,0,0,0,0,0,0,829,0,0,0,188,1304,2223,0,476,1653,0,48,42,0,0,0,0,8,0,0,0,0,0,0,0,0,0,0,0,1,0,0,0,0,0,0,0,0,0,0,0,0
CJL7D_D2P2_ext1_pcr1_fwhf2-HexCOIR4,0,0,0,1292,8661,0,16328,10790,604,0,0,0,905,101,0,0,70,0,0,2,0,0,16,0,0,0,0,0,0,0,0,0,0,1,0,0,0,0,0,0,0,0,0,0,0,0,0,2,0,0,0,0,0,0,0,0,0,0,0,0,0,0,0,0,0,0,0,0,0,0,0,0,0,0,0,0,0,6,0,0,0,0,0,0,0,0,0,0,0,0,0,0,0,0,0,0,0,0,0,0,0,0,0,0,0,0,0,0,0,0,0,0,0,0,0,0,0,0,6997,11036,4980,0,0,0,6340,0,0,0,516,0,0,897,0,0,0,0,0,0,0,0,0,0,0,0,0,0,0,4,0,0,0,0,0,0,0,0,0,0,0,0,0,0,0
CJL7D_D3P1_ext1_pcr1_fwhF2-fwhR2n,51825,8834,7574,0,0,780,0,0,0,1077,0,8322,0,0,881,89,0,0,0,0,0,0,0,0,0,5,0,0,0,0,0,0,0,0,0,0,13,0,0,0,0,0,0,0,0,0,0,0,0,0,0,0,0,0,0,0,0,0,0,0,1,0,0,0,0,0,0,0,0,0,0,0,0,0,0,0,0,0,0,0,0,0,0,0,0,0,0,0,0,0,0,0,0,0,0,0,0,0,0,0,0,0,0,0,0,0,2,0,0,0,0,0,0,0,0,0,0,0,0,0,0,577,0,0,0,159,95,213,0,413,154,0,38,17,0,0,0,0,16,0,0,0,0,0,0,0,0,0,0,0,2,0,0,0,0,0,0,0,0,0,0,0,0
CJL7D_D3P2_ext1_pcr1_fwhf2-HexCOIR4,0,0,0,1025,879,0,1526,997,502,0,0,0,834,100,0,0,28,0,0,0,0,0,0,0,0,0,0,9,0,0,1,0,0,2,0,0,0,5,0,0,0,0,0,0,0,0,0,25,0,0,0,0,0,0,0,0,0,0,0,0,0,0,0,0,0,0,0,0,0,0,0,0,0,0,0,0,0,0,0,0,0,0,0,0,0,0,0,0,0,0,0,0,0,0,0,0,0,0,0,0,0,0,0,0,0,0,0,2,0,0,0,0,0,0,0,0,0,0,16447,9505,5452,0,1126,0,6013,0,0,0,451,0,0,767,0,0,0,0,0,0,0,0,0,0,0,0,0,0,0,5,0,0,0,0,0,0,0,0,0,0,0,0,0,0,0
CJL7D_D4P1_ext1_pcr1_fwhF2-fwhR2n,101742,11821,16521,0,0,700,0,0,0,3516,0,8565,0,0,876,188,0,0,0,0,0,0,0,0,0,4,0,0,0,0,0,0,0,0,0,0,16,0,0,0,54,0,0,0,0,0,0,0,0,0,0,0,0,0,0,0,0,0,0,0,2,0,0,0,0,0,0,0,0,0,0,0,0,0,0,0,0,0,0,0,0,0,0,0,0,0,0,0,0,0,0,0,0,0,0,0,0,0,0,0,0,0,0,0,0,0,0,0,0,0,0,0,0,0,0,0,0,0,0,0,0,644,0,0,0,142,233,425,0,472,272,0,27,19,0,0,0,0,41,0,0,0,0,0,0,0,0,0,0,0,1,0,0,0,0,0,0,0,0,0,0,0,0
CJL7D_D4P2_ext1_pcr1_fwhf2-HexCOIR4,0,0,0,1469,2464,0,4607,2974,817,0,0,0,1430,167,0,0,53,0,0,0,0,0,0,0,0,0,0,19,10,0,4,0,0,3,0,0,0,0,0,0,0,0,0,0,0,0,0,14,0,0,0,0,0,0,0,0,0,0,0,0,0,0,0,0,0,0,0,0,0,0,0,0,0,0,0,0,0,0,0,0,0,0,0,0,0,0,0,0,0,0,0,0,0,0,0,0,0,0,0,0,0,0,0,0,0,0,0,0,0,0,0,0,0,0,0,0,0,0,51864,19757,18103,0,5550,0,9185,0,0,0,676,0,0,1260,0,0,0,0,0,0,0,0,0,0,0,3,0,0,0,8,0,0,0,0,0,0,0,0,0,0,0,0,0,0,0
CJL7D_D5P1_ext1_pcr1_fwhF2-fwhR2n,13177,13172,83497,0,0,1148,0,0,0,5948,0,12045,0,0,1499,713,0,0,0,0,0,0,0,0,0,6,0,0,0,0,0,0,0,0,0,0,26,0,0,0,0,0,0,0,0,0,0,0,0,0,0,0,0,0,0,0,0,0,0,0,0,0,0,0,0,0,0,0,0,0,0,0,0,0,0,0,0,0,0,0,0,0,0,0,0,0,0,0,0,0,0,0,0,0,0,0,0,0,0,0,0,0,0,0,0,0,0,0,0,0,0,0,0,0,0,0,0,0,0,0,0,874,0,0,0,258,992,1719,0,611,1241,0,50,26,0,505,0,0,3,0,16,0,0,0,0,0,10,0,3,0,0,0,0,0,0,0,0,0,0,0,0,0,0
CJL7D_D5P2_ext1_pcr1_fwhf2-HexCOIR4,0,0,0,1366,5385,0,9840,6642,522,0,0,0,973,111,0,0,24,0,1106,0,0,0,0,0,0,0,0,3,1,45,0,0,0,2,0,0,0,0,0,0,0,0,0,0,0,0,0,22,0,14,0,0,0,0,0,0,0,0,0,0,0,0,0,0,0,0,0,0,0,0,0,0,0,0,0,0,0,0,0,0,0,0,0,0,0,0,0,0,0,0,0,0,0,0,0,0,0,0,0,0,0,0,0,0,0,0,0,0,0,0,0,0,0,0,0,0,0,0,3596,11495,42596,0,4620,0,7705,0,0,0,577,0,0,1017,0,0,0,0,0,0,0,0,0,0,0,5,0,0,0,12,0,0,0,0,0,0,41,0,0,0,0,0,0,0,0
CJL7D_D6P1_ext1_pcr1_fwhF2-fwhR2n,19455,11236,5924,0,0,876,0,0,0,247,0,8121,0,0,1643,890,0,0,0,0,0,0,0,0,0,4,0,0,0,0,0,0,0,0,0,0,12,0,0,0,47,0,0,0,0,0,0,0,0,0,0,0,0,0,0,0,0,0,0,0,0,0,0,0,0,0,0,0,0,0,0,0,0,0,0,0,0,0,0,0,0,0,0,0,0,0,0,0,0,0,0,0,0,0,0,0,0,0,0,0,0,0,0,0,0,0,0,0,0,0,0,0,0,0,0,0,0,0,0,0,0,1053,0,0,0,212,1206,2271,0,444,1480,0,46,22,0,0,0,0,4,0,0,0,0,0,0,0,0,0,0,0,0,0,0,0,0,0,0,0,0,0,0,0,0
CJL7D_D6P2_ext1_pcr1_fwhf2-HexCOIR4,0,0,0,1710,9181,0,16201,10638,396,0,0,0,778,107,0,0,22,0,0,0,0,0,31,0,0,0,0,4,0,0,0,0,0,1,0,0,0,1,0,0,0,0,0,0,0,0,0,17,0,0,0,0,0,0,0,0,0,0,0,0,0,0,0,0,0,0,0,0,0,0,0,0,0,0,0,0,0,0,0,0,0,0,0,0,0,0,0,0,0,0,0,0,0,0,0,0,0,0,0,0,0,0,0,0,0,0,0,0,0,0,0,0,0,0,0,0,0,0,5759,10896,3404,0,285,0,6131,0,0,0,427,0,0,1120,0,0,0,0,0,0,0,0,0,0,0,2,0,0,0,5,0,0,0,0,0,0,0,0,0,0,0,0,0,0,0
CJL7D_D7P1_ext1_pcr1_fwhF2-fwhR2n,51386,14988,11038,0,0,662,0,0,0,318,0,7619,0,0,857,73,0,0,0,0,0,0,0,0,0,0,0,0,0,0,0,0,0,0,0,0,10,0,0,0,0,58,0,0,0,0,0,0,0,0,0,0,0,0,0,0,0,0,0,0,1,0,0,0,0,0,0,0,0,0,0,0,0,0,0,0,0,0,0,0,0,0,0,0,0,0,0,0,0,0,0,0,0,0,0,0,0,0,0,0,0,0,0,0,0,0,0,0,2,0,0,0,0,0,0,0,0,0,0,0,0,845,0,0,0,165,107,198,0,387,143,0,24,23,0,482,0,0,16,0,24,0,0,0,0,0,0,0,6,0,0,0,0,14,0,0,0,0,0,0,0,0,0
CJL7D_D7P2_ext1_pcr1_fwhf2-HexCOIR4,0,0,0,1676,926,0,1879,1139,396,0,0,0,888,90,0,0,29,0,1296,0,0,0,0,0,0,0,0,17,1,49,0,0,0,0,0,0,0,5,0,0,0,0,0,0,12,0,0,7,0,0,0,0,0,0,0,0,0,0,0,0,0,0,0,0,0,0,0,0,0,0,0,0,0,0,0,0,0,0,0,0,0,0,0,0,0,0,0,0,0,0,0,0,0,0,0,0,0,0,0,0,0,0,0,0,0,0,0,0,0,2,0,0,0,0,0,0,0,0,17711,17939,8226,0,320,0,6662,0,0,0,481,0,0,935,0,0,0,0,0,0,0,0,0,0,0,0,0,0,0,6,0,0,0,0,0,0,0,0,0,0,0,0,0,0,0
CJL7D_D8P1_ext1_pcr1_fwhF2-fwhR2n,92608,8468,25414,0,0,769,0,0,0,1244,0,7423,0,0,852,132,0,0,0,0,0,0,0,0,0,6,0,0,0,0,0,0,0,0,0,0,11,0,0,0,41,0,0,0,0,0,0,0,0,0,0,0,0,0,0,0,0,0,0,0,1,0,0,0,0,0,0,0,0,0,0,0,0,0,0,0,0,0,0,0,0,0,0,0,0,0,0,0,0,0,0,0,0,0,0,0,0,0,0,0,0,0,0,0,0,0,0,0,0,0,2,0,0,0,0,0,0,0,0,0,0,760,0,0,0,185,195,421,0,446,282,0,36,22,0,0,0,0,28,0,0,0,0,0,0,0,0,0,0,0,0,0,0,0,0,0,0,0,0,0,0,0,0
CJL7D_D8P2_ext1_pcr1_fwhf2-HexCOIR4,0,0,0,1590,2055,0,3718,2439,569,0,0,0,1171,149,0,0,46,0,0,0,0,0,0,0,0,0,0,16,1,0,0,0,0,2,0,0,0,0,0,0,0,0,0,0,0,0,0,4,0,0,0,0,0,0,0,0,0,0,0,0,0,0,0,0,0,0,0,0,0,0,0,0,0,0,0,0,0,0,0,0,0,0,0,0,0,0,0,0,0,0,0,0,0,0,0,0,0,0,0,0,0,0,0,0,0,0,0,0,0,0,0,2,0,0,0,0,0,0,39872,12037,22622,0,1636,0,7304,0,0,0,581,0,0,1001,0,0,0,0,0,0,0,0,0,0,0,3,0,0,0,14,0,0,0,0,0,0,0,0,0,0,0,0,0,0,0
CJL7D_I1P1_ext1_pcr1_fwhF2-fwhR2n,2939,109504,4810,0,0,244,0,0,0,879,0,235,0,0,50,129,0,0,0,0,0,0,0,0,0,0,0,0,0,0,0,0,0,0,0,0,0,0,0,0,0,0,0,0,0,0,0,0,0,0,0,0,0,0,0,0,0,0,0,0,0,0,0,0,0,0,3,0,0,0,0,0,0,0,0,0,0,0,0,0,0,0,0,0,0,0,0,0,0,0,0,0,0,0,0,0,0,0,0,0,0,0,0,0,0,0,0,0,0,0,0,0,0,0,0,0,0,0,0,0,0,1163,0,0,0,164,439,121,0,26,138,0,6,195,0,0,14,0,0,4,0,0,36,0,0,0,0,0,0,0,0,0,0,0,0,0,0,0,3,0,0,0,0
CJL7D_I1P2_ext1_pcr1_fwhf2-HexCOIR4,0,0,0,116,231,0,16,49,0,0,0,0,0,0,0,0,0,0,0,10,0,0,0,0,0,0,0,0,0,0,0,0,0,0,0,0,0,0,0,0,0,0,0,0,0,0,0,0,0,0,0,0,0,0,0,0,0,0,0,0,0,0,0,0,0,0,0,0,0,0,0,0,0,0,0,0,0,0,0,0,0,0,0,0,0,0,0,0,0,0,0,0,0,0,0,0,0,0,0,0,0,0,0,0,0,0,0,0,0,0,0,0,0,0,0,0,0,0,8,1945,26,0,12,0,0,0,0,0,0,0,0,0,0,0,0,0,0,0,0,0,0,0,0,0,0,0,0,0,0,0,0,0,0,0,0,0,0,0,0,0,0,0,0
CJL7D_I2P1_ext1_pcr1_fwhF2-fwhR2n,2184,4630,363,0,0,648,0,0,0,0,0,2668,0,0,113,76,0,0,0,0,0,0,0,0,0,0,0,0,0,0,0,0,0,0,0,0,4,0,0,0,0,0,0,0,0,0,0,0,0,0,0,0,0,0,0,0,0,35,0,0,0,0,0,0,0,0,0,0,0,0,0,0,0,0,0,0,0,0,0,0,0,0,0,0,0,0,0,0,0,0,0,0,0,0,0,0,0,0,0,0,0,0,0,0,0,0,0,0,0,0,0,0,0,0,0,0,0,0,0,0,0,121,0,0,0,200,580,147,0,108,154,0,33,37,0,0,51,0,0,0,0,0,0,0,0,0,0,0,0,0,0,0,0,0,0,0,0,0,0,0,0,0,0
CJL7D_I3P1_ext1_pcr1_fwhF2-fwhR2n,1606,3268,251,0,0,184,0,0,0,17,0,3,0,0,4,2,0,0,0,0,0,0,0,0,0,0,0,0,0,0,0,0,0,0,0,0,0,0,0,0,0,0,0,0,0,0,0,0,0,0,0,0,0,0,0,0,0,0,0,0,0,0,0,0,0,0,0,0,0,0,0,0,0,0,0,0,0,0,0,0,0,0,0,0,0,0,0,0,0,0,0,0,0,0,0,0,0,0,0,0,0,0,0,0,0,0,0,0,0,0,0,0,0,0,0,0,0,0,0,0,0,105,0,0,0,135,5,0,0,10,0,0,5,5,0,0,0,0,0,0,0,0,0,0,0,0,0,0,0,0,0,0,0,0,0,0,0,0,0,0,0,0,0
CJL7D_I3P2_ext1_pcr1_fwhf2-HexCOIR4,0,0,0,87,0,0,5,0,29,0,0,0,0,0,0,0,0,0,0,0,0,0,0,0,0,0,0,0,0,0,0,0,0,0,0,0,0,0,0,0,0,0,0,0,0,0,22,0,0,0,0,0,0,0,0,0,0,0,0,0,0,0,0,0,0,0,0,0,0,0,0,0,0,0,0,0,0,0,0,0,0,0,0,0,0,0,0,0,0,0,0,0,0,0,0,0,0,0,0,0,0,0,0,0,0,0,0,0,0,0,0,0,0,0,0,0,0,0,85,843,32,0,0,0,6,0,0,0,36,0,0,0,0,0,0,0,0,0,0,0,0,0,0,0,0,0,0,0,0,0,0,0,0,0,0,0,0,0,0,0,0,0,0
CJL7D_I4P1_ext1_pcr1_fwhF2-fwhR2n,11923,293,1604,0,0,253,0,0,0,731,0,0,0,0,43,3,0,0,0,0,0,0,0,0,0,1,0,0,0,0,0,0,0,0,0,0,0,0,0,0,0,8,0,0,0,0,0,0,0,0,0,0,0,0,0,0,0,0,0,0,0,0,0,0,0,0,0,0,0,0,0,0,0,0,0,0,0,0,0,0,0,0,0,0,0,0,0,0,0,0,0,0,0,0,0,0,0,0,0,0,0,0,0,0,0,0,0,0,0,0,0,0,0,0,0,0,0,0,0,0,0,257,0,0,0,157,30,2,0,43,0,0,54,65,0,0,0,0,0,16,0,0,0,0,0,0,0,0,0,0,0,0,0,0,0,0,0,0,0,0,0,0,0
CJL7D_I5P1_ext1_pcr1_fwhF2-fwhR2n,5115,43653,10413,0,0,682,0,0,0,2758,35329,388,0,0,430,1093,0,0,0,0,0,0,0,0,0,2,0,0,0,0,0,0,0,0,0,0,2,0,0,0,0,0,0,0,0,4,0,0,0,0,0,0,0,0,0,0,0,0,0,0,0,0,0,0,0,0,0,0,0,0,0,0,0,0,0,0,0,0,0,0,0,0,0,0,0,0,0,4,0,0,0,0,0,0,0,0,0,0,0,0,0,0,0,0,0,0,0,0,0,0,0,0,2,2,0,0,0,0,0,0,0,3,0,0,0,2819,2765,114,0,237,256,0,214,125,0,287,77,94,0,3,60,0,0,0,0,0,41,0,13,0,0,0,0,0,0,0,0,0,0,0,0,0,0
CJL7D_I5P2_ext1_pcr1_fwhf2-HexCOIR4,0,0,0,4,16244,0,602,1514,5582,0,0,0,342,473,0,0,165,0,694,453,0,38,351,0,0,0,0,0,5,106,3,0,0,0,0,0,0,0,0,0,0,0,0,0,0,0,0,0,0,57,0,0,0,0,0,0,0,0,0,0,0,0,0,0,0,0,0,0,0,0,0,0,0,0,0,0,0,0,0,0,0,0,0,0,0,0,0,0,0,0,0,0,0,0,0,0,0,0,0,0,0,0,0,0,0,0,0,0,0,0,0,0,0,0,2,0,0,0,1334,36325,5497,0,1946,22027,162,0,0,0,244,0,0,294,0,0,0,0,0,0,0,0,0,0,0,0,0,0,0,0,0,0,0,0,0,0,0,0,0,0,0,0,0,0,0
CJL7D_I6P1_ext1_pcr1_fwhF2-fwhR2n,6315,1138,722,0,0,658,0,0,0,110,0,288,0,0,584,76,0,0,0,0,0,0,0,0,0,1,0,0,0,0,0,27,0,0,0,0,2,0,0,0,0,0,4,0,0,0,0,0,0,0,0,0,0,0,0,0,0,0,0,0,3,0,0,0,0,0,0,0,0,0,0,0,0,0,0,0,0,0,0,0,0,0,0,0,0,0,0,0,0,0,0,0,0,0,0,0,0,0,0,0,0,0,0,0,0,0,0,0,0,0,0,0,0,0,0,0,0,0,0,0,0,6899,0,0,0,1316,743,127,0,556,414,0,29,313,0,0,26,0,2,0,0,0,0,0,0,0,0,0,0,0,0,0,0,0,0,0,0,0,0,0,0,0,0
CJL7D_I6P2_ext1_pcr1_fwhf2-HexCOIR4,0,0,0,14630,6586,0,1399,4272,4736,0,0,0,1482,134,0,0,788,0,0,161,0,0,189,0,0,0,0,0,7,0,5,0,0,4,0,0,0,0,0,0,0,0,0,0,0,0,0,0,0,0,0,0,0,0,0,0,0,0,0,0,0,0,0,0,0,0,0,0,0,0,0,0,0,0,0,0,0,0,0,0,0,0,0,0,0,0,0,0,0,0,0,0,0,0,0,0,0,0,0,0,0,0,0,0,0,0,0,0,0,0,0,0,0,0,0,0,0,0,2681,1631,696,0,117,0,289,0,0,0,438,0,0,732,0,0,0,0,0,0,0,0,0,0,0,3,0,25,0,1,0,0,0,0,0,0,0,0,0,0,0,0,0,0,0
CJL7D_I7P1_ext1_pcr1_fwhF2-fwhR2n,13817,826,1543,0,0,65,0,0,0,14,0,39,0,0,17,0,0,2832,0,0,0,0,0,0,0,0,0,0,0,0,0,0,0,0,0,0,0,0,0,0,0,0,0,0,0,0,0,0,0,0,0,0,0,0,0,0,0,0,0,0,0,0,0,0,0,0,0,0,0,0,0,0,0,0,0,0,0,0,0,0,0,0,0,0,0,0,0,0,0,0,0,0,0,0,0,0,0,0,0,0,0,0,0,0,0,0,0,0,0,0,0,0,0,0,0,0,0,0,0,0,0,0,0,0,0,315,19,11,0,749,0,0,63,26,0,3,0,0,2,0,1,0,0,0,0,0,0,0,1,0,4,0,0,3,0,0,0,0,0,0,0,0,0
CJL7D_I7P2_ext1_pcr1_fwhf2-HexCOIR4,0,0,0,0,142,0,71,21,778,0,0,0,1822,213,0,0,50,0,10,9,0,0,0,0,0,0,0,0,6,0,7,0,0,5,0,0,0,24,0,0,0,0,0,0,5,0,0,0,0,0,0,0,0,0,0,0,0,0,0,0,0,0,0,0,0,0,0,0,0,0,0,0,0,0,0,0,0,0,0,0,0,0,0,0,0,0,0,0,0,0,0,0,0,0,0,0,0,0,0,0,0,0,0,0,0,0,0,0,0,0,0,0,0,0,0,0,0,0,5215,1292,1316,0,21,0,11,0,0,0,60,0,0,25,0,0,2519,0,0,0,0,0,0,0,0,0,0,0,0,0,0,0,0,0,0,0,0,0,0,0,0,0,0,0,0
CJL7D_I8P1_ext1_pcr1_fwhF2-fwhR2n,74563,57419,1905,0,0,1003,0,0,0,137,0,735,0,0,177,0,0,0,0,0,0,0,0,0,0,0,0,0,0,0,0,0,0,0,0,0,0,0,0,0,0,10,11,0,0,0,0,0,0,0,0,0,0,0,0,0,0,0,0,0,0,0,0,0,0,0,0,0,0,0,0,0,0,0,0,0,0,0,0,0,0,0,0,0,0,0,0,0,0,0,0,0,0,0,3,0,0,0,0,0,0,0,0,0,0,0,0,0,0,0,0,0,0,0,0,0,0,0,0,0,0,15331,0,0,0,1705,219,4,0,2184,56,0,904,119,0,0,0,0,19,2,0,73,0,0,26,0,0,0,0,17,9,0,0,0,0,0,0,0,0,0,0,0,0
CJL7D_I8P2_ext1_pcr1_fwhf2-HexCOIR4,0,0,0,37312,2486,0,39,495,6808,0,0,0,6960,3994,0,0,285,0,0,0,192,4,0,348,0,0,166,0,25,0,29,0,0,12,0,0,0,52,0,176,0,0,0,0,0,0,0,0,0,0,0,0,0,0,0,0,0,0,0,0,0,0,0,0,0,0,0,0,0,0,0,0,0,0,0,0,0,0,0,0,0,0,0,0,0,0,0,0,0,0,0,0,0,0,0,0,0,0,0,0,0,0,0,0,0,0,0,0,0,0,0,0,0,0,0,0,0,0,36191,91217,2295,0,222,0,750,0,0,0,1029,0,0,262,0,0,0,0,0,0,0,0,0,0,0,2,0,0,0,0,0,0,0,0,0,0,0,0,0,0,0,0,0,0,0
CJL7D_PCRpool1P1_ext1_pcr1_fwhF2-fwhR2n,4377,1158,82974,0,0,24919,0,0,0,16976,0,1685,0,0,2300,2166,0,0,0,0,0,0,0,0,0,141,0,0,0,0,0,0,0,0,0,0,0,0,0,0,13,0,0,0,0,0,0,0,0,0,0,0,0,0,0,0,0,0,0,0,1,0,0,0,0,0,0,0,0,0,0,0,0,0,0,0,0,0,0,0,0,0,0,0,0,0,0,0,0,0,0,0,0,0,0,0,0,0,0,0,0,0,0,0,0,0,0,0,0,0,0,0,0,0,0,0,0,0,0,0,0,853,0,0,0,1375,3076,5189,0,2232,3781,0,964,1051,0,0,0,0,2,0,0,0,0,0,0,0,0,0,0,0,0,0,0,0,0,0,0,0,0,0,0,0,0
CJL7D_PCRpool1P2_ext1_pcr1_fwhf2-HexCOIR4,0,0,0,1871,6907,0,12481,8515,1634,0,0,0,1622,956,0,0,787,0,0,0,0,0,0,0,0,0,0,7,25,0,16,0,0,11,0,0,0,0,0,0,0,0,0,0,0,0,0,0,0,0,0,0,0,0,0,0,0,0,0,0,0,0,0,0,0,0,0,0,0,0,0,0,0,0,0,0,0,0,0,0,0,0,0,0,0,0,0,0,0,0,0,0,0,0,0,0,0,0,0,0,0,0,0,0,0,0,0,0,0,0,0,0,0,0,0,0,0,0,6864,1788,55968,0,9261,0,1193,0,0,0,2760,0,0,1413,0,0,0,0,0,0,0,0,0,0,0,19,0,0,0,0,0,0,0,0,0,0,0,0,0,0,0,0,0,0,0
CJL7D_PCRpool2P1_ext1_pcr1_fwhF2-fwhR2n,10554,1485,13287,0,0,30009,0,0,0,0,0,1640,0,0,2823,4806,0,0,0,0,0,0,0,0,274,165,0,0,0,0,0,0,0,0,0,0,9,0,0,0,0,0,0,0,0,0,0,0,0,0,0,0,0,0,0,0,0,0,0,0,0,0,0,0,0,0,0,0,0,0,0,0,0,0,0,0,0,0,0,0,0,0,0,0,0,0,0,0,0,0,0,0,0,0,0,0,0,0,0,0,0,0,0,0,0,0,0,0,0,0,0,0,0,0,0,0,0,0,0,0,0,1067,0,0,0,1891,6337,11114,0,2072,7779,0,1214,1078,0,0,0,0,5,0,0,0,0,0,0,0,0,0,0,0,0,0,0,0,0,0,0,0,0,0,0,0,0
CJL7D_PCRpool2P2_ext1_pcr1_fwhf2-HexCOIR4,0,0,0,1662,11390,0,20308,13605,1275,0,0,0,1077,715,0,0,644,0,0,0,0,0,0,0,0,0,0,10,9,0,6,0,0,2,0,0,0,0,0,0,0,0,0,0,0,0,0,0,0,0,0,0,0,0,0,0,0,0,0,0,0,0,0,0,0,0,0,0,0,0,0,0,0,0,0,0,0,0,0,0,0,0,0,0,0,0,0,0,0,0,0,0,0,0,0,0,0,0,0,0,0,0,0,0,0,0,0,0,0,0,0,0,0,0,0,0,0,0,12213,1211,6657,0,0,0,1005,0,0,0,2284,0,0,1051,0,0,0,0,0,0,0,0,0,0,0,23,0,0,0,0,0,0,0,0,0,0,0,0,0,0,0,0,0,0,0
CJL7D_PCRpool3P1_ext1_pcr1_fwhF2-fwhR2n,18576,642,10740,0,0,17021,0,0,0,3768,0,1050,0,0,1834,309,0,0,0,0,0,0,0,0,138,103,0,0,0,0,0,0,0,0,0,0,2,0,0,0,0,0,0,0,0,0,0,0,0,0,0,0,0,0,0,0,0,0,0,0,0,0,0,0,0,0,0,0,0,0,0,0,0,0,0,0,0,0,0,0,0,0,0,0,0,0,0,0,0,0,0,0,0,0,0,0,0,0,0,0,0,0,0,0,0,0,0,0,0,0,0,0,0,0,0,0,0,0,0,0,0,571,0,0,0,1001,403,731,0,1673,487,0,715,667,0,0,0,0,14,0,0,0,0,0,0,0,0,0,0,0,3,0,0,0,0,0,0,0,0,0,0,0,0
CJL7D_PCRpool3P2_ext1_pcr1_fwhf2-HexCOIR4,0,0,0,2146,1577,0,2798,1898,1876,0,0,0,1656,1114,0,0,769,0,0,0,0,0,0,0,0,0,0,23,24,0,15,0,0,7,0,0,0,0,0,0,0,0,0,0,0,0,0,4,0,0,0,0,0,0,0,0,0,0,0,0,0,0,0,0,0,0,0,0,0,0,0,0,0,0,0,0,0,0,0,0,0,0,0,0,0,0,0,0,0,0,0,0,0,0,0,0,0,0,0,0,0,0,0,0,0,0,0,0,0,0,0,0,0,0,0,0,0,0,48098,1666,11091,0,3116,0,1474,0,0,0,2866,0,0,1902,0,0,0,0,0,0,0,0,0,0,0,26,0,0,0,2,0,0,0,0,0,0,0,0,0,0,0,0,0,0,0
CJL7D_PCRpool4P1_ext1_pcr1_fwhF2-fwhR2n,53768,1188,34125,0,0,25996,0,0,0,17258,0,1481,0,0,2508,809,0,0,0,0,0,0,0,0,220,144,0,0,0,0,0,0,0,0,0,0,3,0,0,0,0,0,3,0,0,0,0,0,0,0,0,0,0,0,0,0,0,0,0,0,0,0,0,0,0,0,0,0,0,0,0,0,0,0,0,0,0,0,0,0,0,0,0,0,0,0,0,0,0,0,0,0,0,0,0,3,0,0,0,0,0,0,0,0,0,0,0,0,0,0,0,0,0,0,0,0,0,0,0,0,0,999,0,0,0,1676,1179,2011,0,1994,1396,0,1083,986,0,0,0,0,25,0,0,0,0,0,0,0,0,0,0,0,0,0,0,0,0,0,0,5,0,0,0,0,0
CJL7D_PCRpool4P2_ext1_pcr1_fwhf2-HexCOIR4,0,0,0,2173,3207,0,5416,3698,1883,0,0,0,1716,972,0,0,789,0,0,0,0,0,0,0,0,0,0,70,19,0,12,0,0,7,0,0,0,0,0,0,0,0,0,0,0,0,0,0,0,0,0,0,0,0,0,0,0,0,0,0,0,0,0,0,0,0,0,0,0,0,0,0,0,0,0,0,0,0,0,0,0,0,0,0,0,0,0,0,0,0,0,0,0,0,0,0,3,0,0,0,0,0,0,0,0,0,0,0,0,0,0,0,0,0,0,0,0,0,92462,1570,22648,0,9806,0,1372,0,0,0,2953,0,0,1691,0,0,0,0,0,0,0,0,0,0,0,34,0,0,0,3,0,0,0,0,0,0,0,0,0,0,0,0,0,0,0
CJL7D_PCRpool5P1_ext1_pcr1_fwhF2-fwhR2n,5047,1064,98246,0,0,24765,0,0,0,17780,0,1623,0,0,2787,2392,0,0,0,0,0,0,0,0,186,142,0,0,0,0,0,0,0,0,0,0,1,0,0,0,0,0,0,0,0,0,0,0,0,0,0,0,0,56,0,0,0,0,0,0,1,0,0,0,0,0,0,0,0,0,0,0,0,0,0,0,0,0,0,0,0,0,0,0,0,0,0,0,0,0,0,0,0,0,0,0,0,0,0,0,0,0,0,0,0,0,0,0,0,0,0,0,0,0,0,0,0,0,0,0,0,847,0,0,0,1680,3273,5662,0,2069,4037,0,1011,835,0,1266,0,0,2,0,72,0,0,0,0,0,0,0,23,0,0,0,0,28,0,0,0,0,0,0,0,0,0
CJL7D_PCRpool5P2_ext1_pcr1_fwhf2-HexCOIR4,0,0,0,2152,9296,0,16544,11083,1928,0,0,0,1908,1142,0,0,876,0,1236,8,0,0,25,0,0,0,0,10,19,45,14,0,0,3,0,0,0,2,0,0,0,0,0,0,0,0,0,6,0,17,0,0,0,0,0,0,0,0,0,0,0,0,0,0,0,0,0,0,0,0,0,0,0,0,0,0,0,0,0,0,5,0,0,0,0,0,0,0,0,0,0,0,0,0,0,0,0,0,0,0,0,0,0,0,0,0,0,0,0,0,0,0,0,0,0,2,0,0,8951,1508,80564,0,11198,0,1662,0,0,0,3454,0,0,1828,0,0,0,0,0,0,0,0,0,0,0,27,0,0,0,5,0,0,0,0,0,0,0,0,0,0,0,0,0,0,0
CJL7D_PCRpool6P1_ext1_pcr1_fwhF2-fwhR2n,10612,1321,11506,0,0,29756,0,0,0,1500,0,1867,0,0,3004,4968,0,0,0,0,0,0,0,0,249,177,0,0,0,0,0,0,0,0,0,0,3,0,0,0,0,81,0,0,0,0,0,0,0,0,0,0,0,0,0,0,0,0,0,0,0,0,0,0,0,0,0,0,0,0,0,0,0,0,0,0,0,0,0,0,0,0,0,0,0,0,0,0,4,0,0,0,0,0,0,0,0,0,0,0,0,0,0,0,0,0,0,0,0,0,0,0,0,0,0,0,2,0,0,0,0,1117,0,0,0,2353,6829,11254,0,2210,8429,0,1269,1058,0,0,0,0,5,0,0,0,0,0,0,0,0,0,0,0,3,0,0,0,0,0,0,0,0,0,0,0,0
CJL7D_PCRpool6P2_ext1_pcr1_fwhf2-HexCOIR4,0,0,0,2695,21170,0,37099,24683,2446,0,0,0,2163,1195,0,0,1147,0,0,0,0,0,0,0,0,0,0,8,22,0,21,0,0,5,0,0,0,0,0,0,0,0,0,0,0,0,0,3,0,0,0,0,0,0,0,0,0,0,0,0,0,0,0,0,0,0,0,0,0,0,0,0,0,0,0,0,0,0,0,0,0,0,0,0,0,0,0,0,0,0,0,0,0,0,0,0,0,0,0,0,0,0,0,0,0,0,0,0,0,0,0,0,0,0,0,0,0,0,21517,2033,9847,0,980,0,1872,0,0,0,4208,0,0,2157,0,0,0,0,0,0,0,0,0,0,0,28,0,0,0,0,0,0,0,0,0,0,0,0,0,0,0,0,0,0,0
CJL7D_PCRpool7P1_ext1_pcr1_fwhF2-fwhR2n,21787,1029,17759,0,0,21211,0,0,0,0,0,1249,0,0,2050,341,0,0,0,0,0,0,0,0,187,132,0,0,0,0,0,0,0,0,0,0,0,0,0,0,13,0,0,0,0,0,0,0,0,0,0,0,0,0,0,0,0,0,0,0,0,0,0,0,0,0,0,0,0,0,0,0,0,0,0,0,0,0,0,0,0,0,0,0,0,0,0,0,0,0,0,0,0,0,0,0,0,3,0,0,0,0,0,0,0,0,0,0,0,0,0,0,0,0,0,0,0,0,0,0,0,744,0,0,0,1353,514,821,0,1600,632,0,833,733,0,895,0,0,15,0,63,0,0,0,0,0,14,0,17,4,0,0,0,0,0,0,0,0,0,0,0,0,0
CJL7D_PCRpool7P2_ext1_pcr1_fwhf2-HexCOIR4,0,0,0,2134,1945,0,3274,2282,2181,0,0,0,1865,1181,0,0,944,0,1364,0,0,0,0,0,0,0,0,61,24,60,13,0,0,9,0,0,0,0,0,0,0,0,0,0,0,0,0,3,0,26,0,0,0,0,0,0,0,0,0,0,0,0,0,0,0,0,0,0,0,0,0,0,0,0,0,0,0,0,0,0,0,0,0,0,0,0,0,0,0,0,0,0,0,0,0,0,0,0,0,0,0,0,0,0,0,0,0,0,0,0,0,0,0,0,0,0,0,0,57525,1906,19082,0,883,0,1760,0,0,0,3568,0,0,1739,0,0,0,0,0,0,0,0,0,0,0,36,0,0,0,3,0,0,0,0,0,0,0,0,0,0,0,0,0,0,0
CJL7D_PCRpool8P1_ext1_pcr1_fwhF2-fwhR2n,62002,1900,58561,0,0,29968,0,0,0,7666,0,1947,0,0,3004,1005,0,0,0,0,0,0,0,0,273,186,0,0,0,0,0,0,0,0,0,0,4,0,0,0,0,0,0,0,0,0,0,0,0,0,0,0,0,0,0,0,0,0,0,0,2,0,0,0,0,0,0,0,0,0,0,0,0,0,0,0,0,0,0,0,0,0,0,0,0,0,0,0,0,0,0,0,0,0,0,0,0,0,0,0,0,0,0,0,0,0,0,0,0,0,0,0,0,0,0,0,0,0,0,0,0,955,0,0,0,1845,1262,2287,0,2194,1538,0,1288,1065,0,0,0,0,31,0,0,0,0,0,0,0,0,0,0,0,5,0,0,0,0,0,0,0,0,0,0,0,0
CJL7D_PCRpool8P2_ext1_pcr1_fwhf2-HexCOIR4,0,0,0,1929,3320,0,5715,3837,1690,0,0,0,1690,980,0,0,919,0,0,0,0,0,0,0,0,0,0,60,14,0,12,0,0,2,0,0,0,0,0,0,0,0,0,0,0,0,0,6,0,0,0,0,0,0,0,0,0,0,0,0,0,0,0,0,0,0,0,0,0,0,0,0,0,0,0,0,0,0,0,0,0,0,0,0,0,0,0,0,0,0,0,0,0,0,0,0,0,0,0,0,0,0,0,0,0,0,0,0,0,0,0,0,0,0,0,0,0,2,94488,1426,35887,0,4047,0,1376,0,0,0,3081,0,0,1587,0,0,0,0,0,0,0,0,0,0,0,28,0,0,0,0,0,0,0,0,0,0,0,0,0,0,0,0,0,0,0
