OTU,Root,Kingdom,Phylum,Class,Order,Family,Genus,Species
TCTATCCGCTGGAATTGCTCATGGTGGAGCTTCAGTTGATTTAGCTATTTTTTCTCTACATTTAGCAGGAATTTCTTCAATTTTAGGAGCTGTAAATTTTATTACAACTGTAATTAATATACGATCAACAGGAATTTCATTAGATCGTATACCTTTATTTGTTTGATCAGTAGTTATTACTGCTTTATTATTATTATTATCACTT,Root,Metazoa,Arthropoda,Insecta,Diptera,Drosophilidae,Drosophila,Drosophila melanogaster
CCTATCAAACTCTATATTCCATAGTGGCTACTCAGTAGACATAGCAATTTTTTCTTTACATTTAGCAGGAATTTCATCAATTCTAGGAGCTATCAATTTTATTACTACTATTATTAATATGCGAAGATGTCTACATAACATAGAAGTAATTCCCTTATTTGTATGATCAGTATTAATTACTGCTTTCCTTTTACTTCTTGCCTTA,Root,Metazoa,Arthropoda,Insecta,Hemiptera,Psyllidae,Acizzia,Acizzia alternata
TTTATCTTTAACTTTAGGACATAGGGGGGTTGCTGTAGATTTTGCTATTTTTTCTTTACATTTAGCAGGTATTTCTTCAATTATGGGAGCTATCAATTTTATTAGTACTATTTTTAATATACGATGTTTTAATGTTAAAATAGATCAAATTTCATTATTAATTTGATCTGTGTTAATTACAGCAGTTTTATTATTATTATCTCTA,Root,Metazoa,Arthropoda,Insecta,Hymenoptera,Braconidae,Aphidius,Aphidius colemani
CCTATCGTCTGTTATTGCACACGGAGGGGCTTCAGTTGATTTAGCTATTTTCTCACTTCACTTAGCTGGTATCTCATCGATTTTAGGAGCAGTAAATTTCATTACAACAGTTATTAATATACGATCTACAGGAATTTCATTTGACCGAATGCCTCTTTTCGTTTGAGCAGTTGTATTAACAGCCCTATTACTTTTACTATCATTGC,Root,Metazoa,Arthropoda,Insecta,Diptera,Tephritidae,Bactrocera,Bactrocera tryoni
ACTCTCATCCAATATCGCCCACGGAGGTTCATCTGTAGATTTGGCCATTTTTAGACTTCATTTAGCTGGAATTTCATCCATTTTAGGAGCAGTGAATTTTATTACTACTGTAATTAATATACGACCCACAGGAATAACATTTGATCGAATACCCCTATTCGTTTGAGCTGTTGTTATTACCGCAATTCTACTGCTTCTTTCACTAC,Root,Metazoa,Arthropoda,Insecta,Coleoptera,Nitidulidae,Carpophilus,Carpophilus davidsoni
TTTATCTGCTGGAATTGCCCACGGTGGAGCTTCAGTTGATTTAGCTATTTTTTCTTTACACTTAGCGGGAATTTCCTCAATTCTAGGAGCTGTAAATTTTATTACAACTGTAATTAATATACGGTCAACAGGAATTTCATTAGATCGAATACCTTTATTTGTTTGATCAGTAGTAATTACTGCTTTATTATTACTTTTATCATTA,Root,Metazoa,Arthropoda,Insecta,Diptera,Drosophilidae,Drosophila,Drosophila simulans
ACTCTCATCCAATATTGCCCACGGAGGTTCATCTGTAGATTTGGCCATTTTTAGACTTCATTTAGCTGGAATTTCATCCATTTTAGGAGCAGTGAATTTTATTACTACTGTAATTAATATACGACCCACAGGAATAACATTTGATCGAATACCCCTATTCGTTTGAGCTGTTGTTATTACCGCAATTCTACTGCTTCTTTCACTAC,Root,Metazoa,Arthropoda,Insecta,Coleoptera,Nitidulidae,Carpophilus,Carpophilus davidsoni
ACTCTCATCCAATATCGCCCACGGAGGTTCATCTGTAGATTTGGCCATTTTTAGACTTCATTTAGCTGGAATTTCATCCATTTTAGGAGCAGTGAATTTTATTACTACTGTAATTAATATGCGACCCACAGGAATAACATTTGATCGAATACCCCTATTCGTTTGAGCTGTTGTTATTACCGCAATTCTACTGCTTCTTTCACTAC,Root,Metazoa,Arthropoda,Insecta,Coleoptera,Nitidulidae,Carpophilus,Carpophilus davidsoni
TTTATCTAATAATATTGCTCATAATAATATTTCAGTTGATTTAACAATTTTTTCTCTACATTTAGCAGGAATCTCATCAATTTTAGGAGCAATTAATTTTATTTGTACAATTTTAAATATAATACCTAATAATATAAAATTAAACCAAATTCCATTATTCCCTTGATCAATTTTAATTACAGCTATATTATTAATTTTATCTTTAC,Root,Metazoa,Arthropoda,Insecta,Hemiptera,Aphididae,Rhopalosiphum,Rhopalosiphum padi
ATTATCATTAACTTTAGGTCATAGAGGTGTAGCAGTAGATTTTGCTATTTTTTCTTTACATTTAGCTGGTATTTCATCTATTATAGGAGCAATTAATTTTATTAGTACAATTTTTAATATACGACCTTATAACATTAAAATAGATCAAATTTCTTTATTAGTTTGGTCAGTACTAATTACTGCTGTATTACTATTATTATCTTTA,Root,Metazoa,Arthropoda,Insecta,Hymenoptera,Braconidae,Lysiphlebus,Lysiphlebus testaceipes
CCTATCGTCTGTTATTGCACACGGAGGAGCTTCAGTTGATTTAGCTATTTTCTCACTTCACTTAGCTGGTATCTCATCGATTTTAGGAGCAGTAAATTTCATTACAACAGTTATTAATATACGATCTACAGGAATTTCGTTTGACCGAATACCTCTTTTCGTTTGAGCAGTTGTATTAACAGCCCTATTACTTTTACTATCATTG,Root,Metazoa,Arthropoda,Insecta,Diptera,Tephritidae,Bactrocera,Bactrocera tryoni/aquilonis/neohumeralis
CCTGTCATCTAATATCGCCCATGGAGGTTCATCAGTTGATTTAGCTATTTTTAGATTACATTTAGCAGGGATTTCATCTATTCTAGGAGCTGTAAATTTTATCACAACCGTAATTAATATGCGACCGACAGGAATATCATTTGATCGAATACCGTTATTTGTATGAGCTGTTGTTATTACAGCTATCTTGCTATTACTATCCCTA,Root,Metazoa,Arthropoda,Insecta,Coleoptera,Nitidulidae,Carpophilus,Carpophilus nr.dimidiatus
TCTATCATCAGGAATCGCCCATGGAGGAGCTTCTGTAGATTTAGCTATTTTTTCTTTACATTTAGCCGGAATCTCTTCAATTTTAGGGGCAGTTAATTTTATTACAACTGTAATTAATATACGATCAACAGGAATTACTCTTGATCGTATACCTTTATTTGTTTGGTCAGTCGTAATTACTGCACTTTTATTATTATTATCTCTTC,Root,Metazoa,Arthropoda,Insecta,Diptera,Drosophilidae,Drosophila,Drosophila hydei
TTTATCAAATAACATTGCACATAACAATATTTCAGTTGATTTAACTATTTTTTCATTACATTTAGCAGGAATCTCCTCAATTTTAGGAGCAATTAACTTTATTTGTACAATTCTTAATATAATACCAAATAATATAAAATTAAATCAAATCCCTCTTTTCCCTTGATCAATTTTAATTACAGCTATTTTATTAATTTTATCTTTAC,Root,Metazoa,Arthropoda,Insecta,Hemiptera,Aphididae,Metopolophium,Metopolophium dirhodum
TTTATCTTCAGGAATTGCCCATAGAGGAGCTTCAGTTGATTTAGCTATTTTTTCTCTTCATTTAGCAGGAATTTCATCTATTTTAGGAGCTGTAAATTTTATTACAACTGTAATTAATATACGATCAACAGGAATTACTCTAGATCGAATACCTTTATTTGTTTGATCTGTTGTAATTACAGCTTTATTATTATTATTATCTTTA,Root,Metazoa,Arthropoda,Insecta,Diptera,Drosophilidae,Scaptodrosophila,Scaptodrosophila lattivitata
ACTTTCATCCAATATCGCCCACGGAGGTTCATCTGTAGATTTGGCCATTTTTAGACTTCATTTAGCTGGAATTTCATCCATTTTAGGAGCAGTGAATTTTATTACTACTGTAATTAATATACGACCCACAGGAATAACATTTGATCGAATACCCCTATTCGTTTGAGCTGTTGTTATTACCGCAATTCTACTGCTTCTTTCACTA,Root,Metazoa,Arthropoda,Insecta,Coleoptera,Nitidulidae,Carpophilus,Carpophilus davidsoni
ATTATCAAATAATATTGCTCATAATAATATTTCAGTTGATTTAACTATTTTTTCTTTACACTTAGCAGGAATTTCATCAATTTTAGGAGCAATTAATTTTATTTGTACAATTTTAAATATAATACCTAATAATTTAAAATTAAATCAAATTCCTCTTTTTCCATGATCAATTCTAATTACAGCTATTCTATTAATCTTATCTTTAC,Root,Metazoa,Arthropoda,Insecta,Hemiptera,Aphididae,Diuraphis,Diuraphis noxia
CCTATCGTCTGTTATTGCACACGGAGGGGCTTCAGTTGATTTAGCTATTTTCTCACTTCACTTAGCTGGTATCTCATCGATTTTAGGAGCAGTGAATTTCATTACAACAGTTATTAATATACGATCTACAGGAATTTCGTTTGACCGAATACCTCTTTTCGTTTGAGCAGTTGTATTAACAGCCCTATTACTTTTACTATCATTG,Root,Metazoa,Arthropoda,Insecta,Diptera,Tephritidae,Bactrocera,Bactrocera tryoni/melas
CCTATCTACTATAATCTCACACTCTGGAGCATCTGTAGACCTATCAATTTTTTCCCTACATCTAGCGGGAATTTCTTCAATTTTAGGAGCAGTAAATTTTATTTCAACAATTATTAACATACGAGCCCCCGGAATATCTTTTGATAAAATACCCTTATTTGTTTGATCTGTATTAATTACAGCAATTTTATTATTACTTTCACTTC,Root,Metazoa,Arthropoda,Insecta,NA,NA,NA,NA
GCTCTCATCCAATATCGCCCACGGAGGTTCATCTGTAGATTTGGCCATTTTTAGACTTCATTTAGCTGGAATTTCATCCATTTTAGGAGCAGTGAATTTTATTACTACTGTAATTAATATACGACCCACAGGAATAACATTTGATCGAATACCCCTATTCGTTTGAGCTGTTGTTATTACCGCAATTCTACTACTTCTTTCACTAC,Root,Metazoa,Arthropoda,Insecta,Coleoptera,Nitidulidae,Carpophilus,Carpophilus davidsoni
ACTCTCATCCAATATCGCCCACGGAGGTTCATCTGTAGATTTGGCCATTTTTAGACTTCATTTAGCTGGAATTTCATCCATTTTAGGAGCAGTGAATTTTATTACTACTGTAATTAATATACGACCCACAGGAATAACATTTGATCGAATACCCCTATTCGTTTGAGCTGTTGTTATTACCGCAATTCTACTTCTTCTTTCACTAC,Root,Metazoa,Arthropoda,Insecta,Coleoptera,Nitidulidae,Carpophilus,Carpophilus davidsoni
ATTATCTAATAATATTGCTCATAATAATATTTCAGTTGATTTAACAATTTTTTCACTTCATTTAGCAGGAATTTCCTCAATCTTAGGAGCAATTAATTTTATTTGTACAATTTTAAATATAATACCTAATAATATAAAACTAAATCAAATTCCACTTTTCCCTTGATCAATTTTAATCACAGCTATACTATTAATCTTATCACTAC,Root,Metazoa,Arthropoda,Insecta,Hemiptera,Aphididae,NA,NA
ACTCTCATCCAATATCGCCCACGGAGGTTCATCTGTAGATTTGGCCATTTTTAGACTTCATTTAGCTGGAATTTCATCCATTTTAGGAGCAGTGAATTTTATTACTACTGTAATTAATATACGACCCACAGGAATAACATTTGATCGAATACCCCTATTCGTTTGAGCTGTTGTTATTACCGCAATTCTACTACTTCTTTCACTAC,Root,Metazoa,Arthropoda,Insecta,Coleoptera,Nitidulidae,Carpophilus,Carpophilus davidsoni
ACTCTCATCCAATATCGCCCACGGAGGTTCATCTGTAGATTTGGCCATTTTTAGGCTTCATTTAGCTGGAATTTCATCCATTTTAGGAGCAGTGAATTTTATTACTACTGTAATTAATATACGACCCACAGGAATAACATTTGATCGAATACCCCTATTCGTTTGAGCTGTTGTTATTACCGCAATTCTACTTCTTCTTTCACTAC,Root,Metazoa,Arthropoda,Insecta,Coleoptera,Nitidulidae,Carpophilus,Carpophilus davidsoni
TTTATCTGCTGGAATTGCCCACGGTGGAGCTTCAGTTGATTTAGCTATTTTTTCCTTACACTTAGCGGGAATTTCCTCAATTCTAGGAGCTGTAAATTTTATTACAACTGTAATTAATATACGGTCAACAGGAATTTCATTAGATCGAATACCTTTATTTGTTTGATCAGTAGTAATTACTGCTTTATTATTACTTTTATCATTA,Root,Metazoa,Arthropoda,Insecta,Diptera,Drosophilidae,Drosophila,Drosophila simulans
TTTATCACAGGTAATGTCCCATCCAAGTGCAGGAGTTGACATTGCTATACTTGCACTTCATGTTGCTGGTATGTCGTCAATTGTTGGGGCGATCAACTTTATAGTTACTATATTTAACATGCGCGCAAAAGGCATGTCATTAACTAAGATGCCACTGTTTGTTTGGTCTGTCTTGCTAACAGCATTTATGTTGATTGTTGCCTTA,Root,Metazoa,Arthropoda,Insecta,Lepidoptera,Hesperiidae,Bolla,Bolla atahuallpai
CCTATCGTCTGTTATTGCACACGGAGGGGCTTCAGTTGATTTAGCTATTTTCTCACTTCACTTAGCTGGTATCTCATCGATTTTAGGAGCAGTAAATTTCATTACAACAGTTATTAATATACGATCTACAGGAATTTCGTTTGACCGAATACCTCTTTTCGTTTGAGCAGTTGTATTAACAGCCCTATTACTTTTACTATCATTGC,Root,Metazoa,Arthropoda,Insecta,Diptera,Tephritidae,Bactrocera,Bactrocera tryoni/aquilonis/neohumeralis
TCTATCACAGGTAATGTCCCATCCAAGTGCAGGAGTTGACATTGCTATACTTGCACTTCATGTTGCTGGTATGTCGTCAATTGTTGGGGCGATCAACTTTATAGTTACTATATTTAACATGCGCACAAAAGGAATGTCATTAACTAAGATGCCACTGTTTGTTTGGTCTGTCTTGCTAACAGCATTTATGTTGATTGTTGCCTTAC,Root,Metazoa,Arthropoda,Insecta,Lepidoptera,Hesperiidae,Bolla,Bolla atahuallpai
TTTATCAAATAACATTGCACATAACAATATTTCAGTTGATTTAACTATTTTTTCCTTACATTTAGCAGGAATCTCCTCAATTTTAGGAGCAATTAACTTTATTTGTACAATTCTTAATATAATACCAAATAATATAAAATTAAATCAAATTCCTCTTTTTCCTTGATCAATTCTAATTACAGCTATTTTATTAATTTTATCTTTAC,Root,Metazoa,Arthropoda,Insecta,Hemiptera,Aphididae,NA,NA
ACTATCTACTACAATCTCACACTCTGGAGCATCTGTAGACCTATCAATTTTTTCCCTACATCTAGCGGGAATTTCTTCAATTTTAGGAGCAGTTAATTTTATTTCAACAATTATTAACATACGAGCCCCCGGAATATCTTTTGATAAAATACCCTTATTTGTTTGATCTGTGTTAATTACAGCCATTTTATTATTACTTTCACTTC,Root,Metazoa,Arthropoda,Insecta,NA,NA,NA,NA
TTTATCAAACAACATTGCAACATAATAATATTTCAGTTGATTTAACTATTTTTTCTTTACATTTAGCAGGAATTTCTTCAATTTTAGGAGCAATTAACTTTATTTGTATGATTCTTAATATAATACCAAATAATATAAAATTAAATCAAATTCCTCTTTTCCCTTGATCAATTTTAATTACAGCTATTTTATTAATTTTATCTTTAC,Root,Metazoa,Arthropoda,Insecta,Hemiptera,Aphididae,NA,NA
CCTATCGTCTGTTATTGCACACGGAGGGGCTTCAGTTGATTTAGCTATTTTCTCACTTCACTTAGCTGGTATCTCATCGATTTTAGGAGCAGTAAATTTCATTACAACAGTTATTAATATACGATCTACAGGGATTTCGTTTGACCGAATACCTCTTTTCGTTTGAGCAGTTGTATTAACAGCCCTATTACTTTTACTATCATTG,Root,Metazoa,Arthropoda,Insecta,Diptera,Tephritidae,Bactrocera,Bactrocera melas/aquilonis/tryoni
TCTATCAACAGGAATCGCCCATGGAGGAGCTTCTGTAGATTTAGCTATTTTTTCTTTACATTTAGCCGGAATCTCTTCAATTTTAGGGGCAGTTAATTTTATTACAACTGTAATTAATATACGATCAACAGGAATTACTCTTGATCGTATACCTTTATTTGTTTGGTCAGTCGTAATTACTGCACTTTTATTATTATTATCACTTC,Root,Metazoa,Arthropoda,Insecta,Diptera,Drosophilidae,Drosophila,Drosophila hydei
TTTATCAAATAACATTGCTCATAATAATATTTCAGTTGATTTAACTATTTTTTCCTTACATTTAGCAGGAATTTCCTCAATTTTAGGAGCAATTAACTTTATTTGTACAATTCTTAATATAATACCAAATAATATAAAATTAAATCAAATTCCTCTTTTTTCTTGATCAATTTTAATTACACCTATTTTATTAATTTCATCTTTAC,Root,Metazoa,Arthropoda,Insecta,Hemiptera,Aphididae,NA,NA
ACTCTCATCCAATATCGCCCACGGAGGTTCATCTGTAGATTTGGCCATTTTTAGACTTCATTTAGCTGGAATTTCATCCATTTTAGGAGCAGTGAATTTTATTACTACTGTAATTAATATGCGACCCACAGGAATAACATTTGATCGAATACCCCTATTCGTTTGAGCTGTTGTTATTACCGCAATTCTACTGCTTCTTTCACTACCC,Root,Metazoa,Arthropoda,Insecta,Coleoptera,Nitidulidae,Carpophilus,Carpophilus davidsoni
ACTGGCAGGACTACAAAGTCATTCAGGAGGATCAATTGATCTAGCTATCTTTAGTCTTCACCTATCAGGTATCTCATCTATGCTAGGTGCTATGAACTTCATGGTAACTATCCTGAATATGCGAGCTTCAGGTATGACAATGTACAAAATGCCACTATTTGTATGGGCAGTATTTGTAACATCAATTCTACTTATTACTACACTAC,Root,Metazoa,Arthropoda,Insecta,Trichoptera,Calamoceratidae,Phylloicus,Phylloicus priapulus
TCTGTCATCTAATATCGCCCATGGAGGTTCATCAGTTGATTTAGCTATTTTTAGATTACATTTAGCAGGGATTTCATCTATTCTAGGAGCTGTAAATTTTATCACAACCGTAATTAATATGCGACCAACAGGAATATCATTTGATCGAATACCATTGTTTGTATGAGCTGTTGTTATTACAGCTATCTTGCTATTACTATCCCTA,Root,Metazoa,Arthropoda,Insecta,Coleoptera,Nitidulidae,Carpophilus,Carpophilus nr.dimidiatus
CCTATCATCAGGGATTGCTCATGGAGGAGCTTCTGTAGATTTAGCTATTTTTTCTTTACATTTAGCCGGAATTTCTTTAATTTTAGGGGCAGTTAATTTTATCACTACTGTAATTAATATACGATCAACAGAAATTACTCTTGATCGTATACCTTTATTTGTTTGATCAGTTGTAATTACTGCACTTTTGTTATTATTGTCACTTC,Root,Metazoa,Arthropoda,Insecta,NA,NA,NA,NA
CCTATCATCAGGGATTGCTCATGGAGGAGCTTCTGTAGATTTAGCTATTTTTTCTTTACATTTAGCCGGAATTTCTTTAATTTTAGGGGCAGTTAATTTTATCACTACTGTAATTAATATACGATCAACAGGAATTACTCTTGATCGTATACCTTTATTTGTTTGATCAGTTGTAATTACTGCACTTTTGTTATTATTGTCACTTC,Root,Metazoa,Arthropoda,Insecta,Diptera,NA,NA,NA
CCTATCGTCTGTTATTGCACACGGAGGGGCTTCAGTTGATTTAGCTATTTTCTCACTTCACTTAGCTGGTATCTCATCGATTTTAGGAGCAGTAAATTTCATTACAACAGTTATTAATATACGATCTACAGGAATTTCATTTGACCGAATGCCTCCTTTCGTTTGAGCAGTTGTATTAACAGCCCTATTACTTTTACTATCATTGC,Root,Metazoa,Arthropoda,Insecta,Diptera,Tephritidae,Bactrocera,Bactrocera tryoni
CCTATCAAACTCTATATTCCATAGTGGCTACTCAGTAGACATAGCAATTTTTTCCTTACATTTAGCAGGAATTTCATCAATTCTAGGAGCTATCAATTTTATTACTACTATTATTAATATGCGAAGATGTCTACATAACATAGAAGTAATTCCCTTATTTGTATGATCAGTATTAATTACTGCTTTCCTTTTACTTCTTGCCTTA,Root,Metazoa,Arthropoda,Insecta,Hemiptera,Psyllidae,Acizzia,Acizzia alternata
TTTATCTTTAACTTTAGGACATAGGGGGGTTGCTGTAGATTTTGCTATTTTTTCCTTACATTTAGCAGGTATTTCTTCAATTATGGGAGCTATCAATTTTATTAGTACTATTTTTAATATACGATGTTTTAATGTTAAAATAGATCAAATTTCATTATTAATTTGATCTGTGTTAATTACAGCAGTTTTATTATTATTATCTCTA,Root,Metazoa,Arthropoda,Insecta,Hymenoptera,Braconidae,Aphidius,Aphidius colemani
CCTATCATCTGTTATTGCTCACGGAGGGGCATCCGTTGATTTAGCTATTTTTTCACTTCACTTAGCCGGTATTTTTCCAATTCTAGGAGCCGTAAATTTCATTACGACAGTAATTAATATACGACCAACAGGAATTTCATTTGACCGAATACCTCTTTTCGTTTGAGCAGTTTTATTAACAGCTCTATTACTTTTACTATCATTA,Root,Metazoa,Arthropoda,Insecta,Diptera,NA,NA,NA
CCTATCGTCTGTTATTGCACACGGAGGGGCTTCAGTTGATTTAGCTATTTTCTCACTTCACTTAGCTGGTATCTCATCGATTTTAGGAGCAGTAAATTTCATTACAACAGTTATTAATATACGATCTACAGGAATTTCGTTTGACCGGATACCTCTTTTCGTTTGAGCAGTTGTATTAACAGCCCTATTACTTTTACTATCATTG,Root,Metazoa,Arthropoda,Insecta,Diptera,Tephritidae,Bactrocera,Bactrocera tryoni/aquilonis/neohumeralis
CCCTATCTACTACAATCTCGCACTCTGGAGCATCCGTAGATCTATCAATTTTTTCCCTACATCTAGCGGGAATCTCTTCAATTTTAGGAGCAGTTAATTTTATTTCAACAATTATTAACATACGAGCCCCCGGGATATCTTTTGATAAAATACCCTTATTTGTTTGATCTGTGTTAATTACAGCCATTTTATTATTACTTTCACTTC,Root,Metazoa,Arthropoda,Insecta,NA,NA,NA,NA
TTTATCAGGATTACAAAGTCACAGTGGACCTAGTGTAGATTTAGCAATTTTTGCTTTACACCTTTCAGGGGTAAGTAGTTTATTAGGAGCAATAAACTTCATAACTACAATCGCTAATATGAGAACACCAGGAATAAGATTACACAAATTAGCCTTATTCGGGTGAGCTGTAGTTATAACAGCTATCTTATTATTATTATCATTA,Root,Metazoa,Arthropoda,Insecta,NA,NA,NA,NA
ACTCTCATCCAATATCGCCCACGGAGGTTCATCTGTAGATTTGGCCATTTTTAGACTTCATTTAGCTGGAATTTCATCCATTTTAGGAGCAGTGAATTTTATTACTACTGTAATTAATATACGACCCACAGGAATAACATTTGATCGAATACCCCTATTCGTTTGAGCTGTTGTTATTACCGCAATTCTACTGCTTCTTTCACTACCC,Root,Metazoa,Arthropoda,Insecta,Coleoptera,Nitidulidae,Carpophilus,Carpophilus davidsoni
TCTGTCATCTAATATCGCCCATGGAGGTTCATCAGTTGATTTAGCTATTTTTAGATTACATTTAGCAGGGATTTCATCTATTCTAGGAGCTGTAAATTTCATCACAACCGTAATTAATATACGACCGACAGGAATATCGTTTGATCGAATACCATTATTTGTATGAGCTGTTGTTATTACAGCTATCTTGCTATTACTATCCCTAC,Root,Metazoa,Arthropoda,Insecta,Coleoptera,Nitidulidae,Carpophilus,Carpophilus nr.dimidiatus
ACTCTCATCCAATATTGCCCACGGAGGTTCATCTGTAGATTTGGCCATTTTTAGACTTCATTTAGCTGGAATTTCATCCATTTTAGGAGCAGTGAATTTTATTACTACTGTAATTAATATACGACCCACAGGAATAACATTTGATCGAATACCCCTATTCGTTTGAGCTGTTGTTATTACCGCAATTCTACTGCTTCTTTCACTACCC,Root,Metazoa,Arthropoda,Insecta,Coleoptera,Nitidulidae,Carpophilus,Carpophilus davidsoni
CCTATCTACTACAATCTCGCACTCTGGAGCATCCGTAGATCTATCAATTTTTTCCCTACATCTAGCGGGAATCTCTTCAATTTTAGGAGCAGTTAATTTTATTTCAACAATTATTAACATACGAGCCCCCGGGATATCTTTTGATAAAATACCCTTATTTGTTTGATCTGTGTTAATTACAGCCATTTTATTATTACTTTCACTTC,Root,Metazoa,Arthropoda,Insecta,NA,NA,NA,NA
TCTATCATCATGAATCGCCCATGGAGGAGCTTCTGTAGATTTAGCTATTTTTTCTTTACATTTAGCCGGAATCTCTTCAATTTTAGGGGCAGTTAATTTTATTACAACTGTAATTAATATACGATCAACAGGAATTACTCTTGATCGTATACCTTTATTTGTTTGGTCAGTCGTAATTACTGCACTTTTATTATTATTATCACTTC,Root,Metazoa,Arthropoda,Insecta,Diptera,Drosophilidae,Drosophila,Drosophila hydei
ATTATCATTAACTTTATGTCATAGAGGTGTAGCAGTAGATTTTGCTATTTTTTCTTTACATTTAGCTGGTATTTCATCTATTATAGGAGCAATTAATTTTATTAGTACAATTTTTAATATACGACCTTATAACATTAAAATAGATCAAATTTCTTTATTAGTTTGGTCAGTACTAATTACTGCTGTATTACTATTATTATCTTTAC,Root,Metazoa,Arthropoda,Insecta,Hymenoptera,Braconidae,Lysiphlebus,Lysiphlebus testaceipes
ACTCTCATCCAATATCGCCCACGGAGGTTCATCTGTAGATTTGGCCATTTTTAGACTTCATTTAGCTGGAATTTCATCCATTTTAGGAGCAGTGAATTTTATTACTACTGTAATTAATATACGACCCCCAGGAATAACATTTGATCGAATACCCCTATTCGTTTGAGCTGTTGTTATTACCGCAATTCTACTGCTTCTTTCACTAC,Root,Metazoa,Arthropoda,Insecta,Coleoptera,Nitidulidae,Carpophilus,Carpophilus davidsoni
CCTATCTACTATAATCTCACACTCTGGAACATCTGTAGACCTATCAATTTTTTCCCTACATCTAGCGGGAATTTCTTCAATTTTAGGAGCAGTAAATTTTATTTCAACAATTATTAACATACGAGCCCCCGGAATATCTTTTGATAAAATACCCTTATTTGTTTGATCTGTATTAATTACAGCAATTTTATTATTACTTTCACTT,Root,Metazoa,Arthropoda,Insecta,NA,NA,NA,NA
TTTATCAAACAACATTGCACATAATAATATTTCAGTTGATTTAACTATTTTTTCTTTACATTTAGCAGGAATTTCTTCAATTTTAGGAGCAATTAACTTTATTTGTACAATTCTTAATATAATACCAAATAATATAAAACTAAATCAAATTCCTCTTTTCCCTTGATCAATTTTAATTACACCTATTTTATTAATTTTATCTTTAC,Root,Metazoa,Arthropoda,Insecta,Hemiptera,Aphididae,NA,NA
TCTATCCGCTGGAATTGCTCATGGTGGAGCTTCAGTTGGTTTAGCTATTTTTTCTCTACATTTAGCAGGAATTTCTTCAATTTTAGGAGCTGTAAATTTTATTACAACTGTAATTAATATACGATCAACAGGAATTTCATTAGATCGTATACCTTTATTTGTCTGATCAGTAGTTATTACTGCTTTATTATTATTATTATCACTTC,Root,Metazoa,Arthropoda,Insecta,Diptera,Drosophilidae,Drosophila,Drosophila melanogaster
TCTATCACAGGTAATGTCCCATCCAAGTGCAGGAGTTGACATTGCTATACTTGCACTTCATGTTGCTGGTATGTCGTCAATTGTTGGGGCGATCAACTTTATAGTTACTATATTTAACATGCGCACAAAAGGAATGTCATTAACTAAGATGCCACTGTTTGTTTGGTCTGTCTTGCTAACAGCATTTATGTTGATTGTTGCCTTACC,Root,Metazoa,Arthropoda,Insecta,Lepidoptera,Hesperiidae,Bolla,Bolla atahuallpai
CCTATCGTCTGTTATTGCACACGGAGGGGCTTCAGTTGATTTAGCTATTTTCTCACTTCACTTAGCTGGTATCTCATCGATTTTAGGAGCAGTAAATTTCATTACAACAGTTATTAATATACGATCTACAGGAATTTCATTTGACCGAATGCCTCTTTTTGTTTGAGCAGTTGTATTAACAGCCCTATTACTTTTACTATCATTG,Root,Metazoa,Arthropoda,Insecta,Diptera,Tephritidae,Bactrocera,Bactrocera tryoni
TCTATCCGCTGGAATTGCTCATGGTGGAGCTTCAGTTGATTTAGCTATTTTTTCTCTACATTTAGCAGGAATTTCTTCAATTTTAGGAGCTGTAAATTTTATTACAACTGTAATTAATATACGATCAACAGGAATTTCATTAGATCGTATACCTTTATTTGTTTGATCAGTAGTTATTACTGCCTTTTTATTATTATTATCACTTC,Root,Metazoa,Arthropoda,Insecta,Diptera,Drosophilidae,Drosophila,Drosophila melanogaster
TCTGTCATCCAATATTGCCCATGGAGGATCATCAGTAGATTTAGCTATTTTTAGACTACATTTAGCAGGTATCTCATCTATTTTAGGAGCTGTAAATTTTATCACTACAGTAATTAATATACGACCAACTGGAATAACATTTGATCGTATACCATTATTTGTATGGGCTGTTGTTATTACAGCAGTATTATTACTACTTTCTCTT,Root,Metazoa,Arthropoda,Insecta,Coleoptera,Nitidulidae,Urophorus,Urophorus humeralis
ATTATCAGGTATTGCTTCTCACTCTGGTGGATCTGTAGATTTAGCTATTTTCAGTCTTCACTTATCTGGTATTTCTTCTATGTTAGGTGCAATGAACTTTATTACAACAATTATTAATATGAGAGCTCCTGGAATGTCATTCCATAAAATGCCTCTATTTGTATGGGCTGTATTAATTACAGCAGTTCTATTACTTCTATCTTTA,Root,Metazoa,Arthropoda,Insecta,Coleoptera,Elateridae,Alaus,Alaus melanops
TCTGTCATCTAATATCGCCCATGGAGGTTCATCAGTTGATTTAGCTATTTTTAGATTACATTTAGCAGGGATTTCATCTATTCTAGGAGCTGTAAATTTTATCACAACCGTAATTAATATGCGACCGACAGGAATATCATTTGATCGAATACCATTATTTGTATGAGCTGTTGTTATTACAGCTATCTTGCTATTACTATCCCTA,Root,Metazoa,Arthropoda,Insecta,Coleoptera,Nitidulidae,Carpophilus,Carpophilus nr.dimidiatus
TCTGTCATCTAATATCGCCCATGGAGGTTCATCAGTTGATTTAGCTATTTTTAGATTACATTTAGCAGGGATTTCATCTATTCTAGGAGCTGTAAATTTTATCACAACCGTAATTAATATACGACCGACAGGAATATCATTTGATCGAATACCATTATTTGTATGAGCTGTTGTTATTACAGCTATCTTGCTATTACTATCCCTA,Root,Metazoa,Arthropoda,Insecta,Coleoptera,Nitidulidae,Carpophilus,Carpophilus nr.dimidiatus
CCTATCATCTGTTATTTGCTATTGGAGGGGCATCCGTTGATTTAGCTATTTTTTCACTTCACTTAGCCGGTATTTTTCCAATTCTAGGAGCCGTAAATTTCATTACGACAGTAATTAATATACGACCAACAGGAATTTCATTTGACCGAATACCTCTTTTCGTTTGAGCAGTTTTATTAACAGCTCTATTACTTTTACTATCATTA,Root,Metazoa,Arthropoda,Insecta,NA,NA,NA,NA
ACTCTCATCCAATATCGCCCACGGAGGTTCATCTGTAGATTTGGCCATTTTTAGACTTCATTTAGCTGGAATTTCATCCATTTTAGGAGCAGTGAATTTTATTACTACTGTAATTAATATACGACCCACAGGAATAACATTTGATCGAATACCCCTATTCGTTTGAGCTGTTGTTATTACCGCAATCCTACTACTTCTTTCACTA,Root,Metazoa,Arthropoda,Insecta,Coleoptera,Nitidulidae,Carpophilus,Carpophilus davidsoni
TCTTTCAAACTCTGTCTTCCATAGTGGCTACTCAGTAGACATGTCAATTTTTTCTTTACACTTAGCAGGAATTTCCTCAACTTTAGGAGCAATTAATTTTATTTGTACAATTTTAAATATAATACCTAATAATATAAAATTAAACCAAATTCCATTATTCCCTTGATCAATTTTAATTACAGCTATATTATTAATTTTATCTTTAC,Root,Metazoa,Arthropoda,NA,NA,NA,NA,NA
TCTTTCTAATGGTATTTTTCATAGTGGCCCTGCTGTTGATTTTGGTATCTTAAGTCTTCACATTGCTGGTGTATCTTCTATTTTAGGCGCTATCAATTTTATTGTTACTATTTTTAATATAAAAATTGTTGGCATACTTTGATCAAACGTTCCTTTGTTTGTTTGGTCTGTTCTTATTACTTCTTTTCTATTAGCTTTTTCCCTT,Root,Metazoa,Arthropoda,NA,NA,NA,NA,NA
TTTATCTTCAGGAATTGCCATAGAGGAGCTTCAGTTGATTTAGCTATTTTTTCTCTTCATTTAGCAGGAATTTCATCTATTTTAGGAGCTGTAAATTTTATTACAACTGTAATTAATATACGAAGATCTCTTCATAACATAGAAGTACTCCCCCTTTTTGTATGATCAGTTTTAATTACAGCTTTCCTTTTACTTCTTGCTTTAC,Root,Metazoa,Arthropoda,NA,NA,NA,NA,NA
TTTATCACAGGTAATGTCCCATCCAAGTGCAGGAGTTGACATTGCTATACTTGCACTTCATGTTGCTGGTATGTCGTCAATTGTTGGGGCGATCAACTTTATAGTTACTATATTTAACATGCGCGCAAAAGGCATGTCATTAACTAAGATGCCACTGTTTGTTTGGTCTGTCTTGCTAACAGCATTTATGTTGATTGTTGCCTTACC,Root,Metazoa,Arthropoda,Insecta,Lepidoptera,Hesperiidae,Bolla,Bolla atahuallpai
ATTATCAGGTATACAAAGTCACAGTGGTCCTAGTGTAGATTTAGCTATCTTCGCTCTACATCTATCAGGGATAAGTAGTCTATTAGGGGCTATGAATTTTATAACTACTATACTTAATATGAGAAGTCCAGGAATAAGACTACACAAATTGGCTTTATTTGGTTGAGCAGTAGTGGTAACAGCCGTGTTATTACTTTTATCTTTAC,Root,Metazoa,Arthropoda,Insecta,Hemiptera,NA,NA,NA
ACTATCTACTACAATCTCACACTCTGGAGCATCTGTAGACCTATCAATTTTTTCCCTACATCTAGCGGGAATTTCTTCAATTTTAGGAGCAGTTAATTCTATTTCAACAATTATTAACATACGAGCCCCCGGAATATCTTTTGATAAAATACCCTTATTTGTTTGATCTGTGTTAATTACAGCCATTTTATTATTACTTTCACTT,Root,Metazoa,Arthropoda,Insecta,NA,NA,NA,NA
CCTGTCATCTAATATCGCCCATGGAGGTTCATCAGTTGATTTAGCTATTTTTAGATTACATTTAGCAGGGATTTCATCTATTCTAGGAGCTGTAAATTTTATTACAACTGTAATTAATATACGATCAACAGGAATTTCATTAGATCGTATACCTTTATTTGCTTGATCAGTAGTTATTACTGCCTTATTATTATTATTATCACTT,Root,Metazoa,Arthropoda,Insecta,NA,NA,NA,NA
CCTATCATCAGGGATTGTTCATGGAGGAGCTTCTGTAGATTTAGCTATTTTTTCTTTACATTTAGCCGGAATTTCTTTAATTTTAGGGGCAGTTAATTTTATCACTACTGTAATTAATATACGATCAACAGGAATTACTCTTGATCGTATACCTTTATTTGTTTGATCAGTTGTAATTACTGCACTTTTGTTATTATTGTCACTT,Root,Metazoa,Arthropoda,Insecta,Diptera,NA,NA,NA
ATTATCAGGTATTGCTTCTCACTCTGGTGGATCTGTAGATTTAGCTATTTTCAGTCTTCACTTATCTGGTATTTCTTCTACGTTAGGTGCAATGAACTTTATTACAACAATTATTAATATGAGAGCTCCTGGAATGTCATTCCATAAAATGCCTCTATTTGTATGGGCTGTATTAATTACAGCAGTTCTATTACTTCTATCTTTA,Root,Metazoa,Arthropoda,Insecta,Coleoptera,Elateridae,Alaus,Alaus melanops
CCTGTCATCTGTTATCGCACACGGAGGAGCTTCAGTTGATCTAGCTATTTTCTCACTTCACTTAGCCGGTATCTCCTCAATTTTAGGAGCAGTAAATTTCATTACAACAGTAATTACTATACGATTTACAGGAATTTCATTTGACCGAATACCTCTTTTCGTTTGAGCAGTTGTATTAACAGCCCTATTACTTTTATTATCCTTG,Root,Metazoa,Arthropoda,Insecta,Diptera,Tephritidae,Bactrocera,NA
CCCTATCTACTACAATCTCGCACTCTGGAGCATCCGTAGATCTATCAATTTTTTCCCTACATCTAGCGGGAATCTCTTCAATTTTAGGAGCAGTTAATTTTATTTCAACAATTATTAACATACGAGCCCCCGGGATATCTTTTGATAAAATACCCTTATTTGTTTGATCTGTGTTAATTACAGCCATTTTATTATTACTTTCACCTC,Root,Metazoa,Arthropoda,NA,NA,NA,NA,NA
CCTATCAAACTCTATATTCCATAGTGGCTACTCAGTAGACATAGCAATTTTTTCTTTACATTTAGCAGGAATTTCATCAATTCTAGGAGTTATCAATTTTATTACTACTATTATTAATATACGACCTTATAACATTAAAATAGATCAAATTTCTTTATTAGTTTGGTCAGTACTAATTACTGCTGTATTACTATTATTATCTTTA,Root,Metazoa,Arthropoda,Insecta,NA,NA,NA,NA
CCTATCATCAGGGATTGCTCATGGAGGAGCTTCTGTAGATTTAGCTATTTTTTCTTTACATTTAGCCGGAATTTCTTTAATTTTAGGGGCAGTTAATTTTATCACTACTGTAATTAATATACGATCAACAGGAATTACTCTTGATCGTATATCTTTATTTGTTTGATCAGTTGTAATTACTGCACTTTTGTTATTATTGTCACTTC,Root,Metazoa,Arthropoda,Insecta,Diptera,NA,NA,NA
TTTATCTAATAATATTGCTCATAATAATATTTCAGTTGATTTAACAATTTTTTCTCTACATTTAGCAGGAATCTCATCAATTTTAGGAGCAATTAATTTTATTTGTACAATTTTAAATATGCGACCTTATAACATTAAAATAGATCAAATTTCTTTATTAGTTTGGTCAGTACTAATTACTGCTGTATTACTATTATTATCTTTA,Root,Metazoa,Arthropoda,Insecta,NA,NA,NA,NA
ATTATCAGGTATTGCTTCTCACTCTGGTGGATCTGTAGATTTAGCTATTTTCAGTCTCCACTTATCTGGTATTTCTTCTATGTTAGGTGCAATGAACTTTATTACAACAATTATTAATATGAGAGCTCCTGGAATGTCATTCCATAAAATGCCTCTATTTGTATGGGCTGTATTAATTACAGCAGTTCTATTACTTCTATCTTTA,Root,Metazoa,Arthropoda,Insecta,Coleoptera,Elateridae,Alaus,Alaus melanops
CTATCTACTACAATCTCGCACTCTGGAGCATCCGTAGATCTATCAATTTTTTCCCTACATCTAGCGGGAATCTCTTCAATTTTAGGAGCAGTTAATTTTATTTCAACAATTATTAACATACGAGCCCCCGGGATATCTTTTGATAAAATACCCTTATTTGTTTGATCTGTGTTAATTACAGCCATTTTATTATTACTTTCACTTC,Root,Metazoa,Arthropoda,Insecta,NA,NA,NA,NA
TTTATCTTTAACTTTAGGACATAGGGGGGTTGCTGTAGATTTTGCTATTTTTTCTTTACATTTAGCAGGTATTTCTGCAATTCTAGGAGCTATCAATTTTATTACTACTATTATTAATATGCGAAGATGTCTACATAACATAGAAGTAATTCCCTTATTTGTATGATCAGTATTAATTACTGCTTTCCTTTTACTTCTTGCCTTA,Root,Metazoa,Arthropoda,Insecta,NA,NA,NA,NA
TTTATCAAACAACATTGCGACATAATAATATTTCAGTTGATTTAACTATTTTTTCTTTACATTTAGCAGGAATTTCTTCAATTTTAGGAGCAATTAACTTTATTTGTATGATTCTTAATATAATACCAAATAATATAAAATTAAATCAAATTCCTCTTTTCCCTTGATCAATTTTAATTACAGCTATTTTATTAATTTTATCTTTAC,Root,Metazoa,Arthropoda,Insecta,Hemiptera,Aphididae,NA,NA
TCTATCCGCTGGAATTGCTCATGGTGGAGCTTCAGTTGATTTAGCTATTTTTTCTCTACATTTAGCAGGAATTTCTTCAATTTTAGGAGCTGTAAATTTTATTACTACTGTGATTAATACACGACCCACAGGAATAACATTTGATCGAATACCCCTATTCGTTTGAGCTGTTGTTATTACCGCAATTCTACTGCTTCTTTCACTA,Root,Metazoa,Arthropoda,Insecta,NA,NA,NA,NA
CCCTGTCATCTGTTATCGCACACGGAGGAGCTTCAGTTGATCTAGCTATTTTCTCACTTCACTTAGCCGGTATCTCCTCAATTTTAGGAGCAGTAAATTTCATTACAACAGTAATTACTATACGATTTACAGGAATTTCATTTGACCGAATACCTCTTTTCGTTTGAGCAGTTGTATTAACAGCCCTATTACTTTTATTATCCTTG,Root,Metazoa,Arthropoda,Insecta,Diptera,Tephritidae,Bactrocera,NA
TCTATCCGCTGGAATTGCTCATGGTGGAGCTTCAGTTGATTTAGCTATTTTTTCTTTACATTTAGCAGGTATTTCTTCAATTATGGGAGCTATCAATTTTATTAGTACTATTTTTAATATACGATGTTTTAATGTTAAAATAGATCAAATTCCATTATTAATTTGATCTGTGTTAATTACAGCAGTTTTATTATTATTATCTCTAC,Root,Metazoa,Arthropoda,Insecta,Hymenoptera,Braconidae,Aphidius,Aphidius colemani
CCTGTCATCTAATATCGCCCATGGAGGTTCATCAGTTGATTTAGCTATTTTTAGATTACATTTAGCAGGGATTTCATCTATTCTAGGAGCTGTAAATTTTATTACTACTATTATTAATATGCGAAGATGTCTACATAACATAGGAGTAATTCCCTTATTTGTATGATCAGTATTAATTACTGCTTTCCTTTTACTTCTTGCCTTAC,Root,Metazoa,Arthropoda,Insecta,NA,NA,NA,NA
TTTACCTAATAATATTGCTCATAATAATATTTCAGTTGATTTAACAATTTTTTCTCTACATTTAGCAGGAATTTCATCAATTCTAGGAGCTATCAATTTTATTACTACTATTATTAATATGCGAAGATGTCTACATAACATAGAAGTAATTCCCTTATTTGTATGATCAGTATTAATTACTGCTTTCCTTTTACTTCTTGCCTTA,Root,Metazoa,Arthropoda,Insecta,Hemiptera,Psyllidae,Acizzia,Acizzia alternata
CCTATCATCTGTTATTGCTCACGGAGGGGCATCCGTCGATTTAGCTATTTTTTCACTTCACTTAGCCGGTATTTTTCCAATTCTAGGAGCCGTAAATTTCATTACGACAGTAATTAATATACGACCAACAGGAATTTCATTTGACCGAATACCTCTTTTCGTTTGAGCAGTTTTATTAACAGCTCTATTACTTTTACTATCATTA,Root,Metazoa,Arthropoda,Insecta,NA,NA,NA,NA
TCTTTCAAACTCTGTCTTCCATAGTGGCTACTCAGTAGACATGTCAATTTTTTCTTTACACTTAGCAGGAATTTCATCAATTTTAGGAGCAATTAATTTTATTTGTACAATTTTAGATATAATACCTAATAATTTAAAATTAAATCAAATTCCTCTTTTTCCATGATCAATTCTAATTACAGCTATTCTATTAATCTTATCTTTA,Root,Metazoa,Arthropoda,Insecta,NA,NA,NA,NA
TTTATCTAATAATATTGCTCATAATAATATTTCAGTTGATTTAACAATTTTTTCTCTACATTTAGCAGGAATTTCTACAATTTTAGGAGCTGTAAATTTTATTACAACTGTAATTAATATACGATCAACAGGAATTTCATTAGATCGTATACCTTTATTTGTTTGATCAGTAGTTATTACTGCTTTATTATTATTATTATCACTTC,Root,Metazoa,Arthropoda,Insecta,Diptera,NA,NA,NA
TCTTTCAAACTCCGTCTTCCATAGTGGCTACTCAGTAGACATGTCAATTTTTTCTTTACACTTAGCGGGAATTTCCTCAATTCTAGGAGCTGTAAATTTTATTACAACTGTAATTAATATACGGTCAACAGGAATTTCATTAGATCGAATACCTTTATTTGTTTGATCAGTAGTAATTACTGCTTTATTATTACTTTTATCATTAC,Root,Metazoa,Arthropoda,Insecta,NA,NA,NA,NA
TTTATCTAATAATATTGCTCATAATAATATTTCAGTTGATTTAACAATTTTTTCTCTACATTTAGCAGGTATTTCTTCAATTATGGGAGCTATCAATTTTATTAGTACTATTTTTAATATACGATGTTTTAATGTTAAAATAGATCAAATTTCATTATTAATTTGATCTGTGTTAATTACAGCAGTCTTATTATTATTATCTCTAC,Root,Metazoa,Arthropoda,Insecta,Hymenoptera,Braconidae,NA,NA
CCTGTCATCTAACATCGCCCATGGAGGTTCATCAGTTGATTTAGCTATTTTTAGATTACATTTAGCAGGGATTTCATCTATTCTAGGAGCTGTAAATTTTATCACAACCGTAATTAATATGCGACCGACAGGAATATCATTTGATCGAATACCCCTATTCGTTTGAGCTGTTGTTATTACCGCAATTCTACTGCTTCTTTCACTA,Root,Metazoa,Arthropoda,Insecta,Coleoptera,NA,NA,NA
TCTATCCGCTGGAATTGCTCATGGTGGAGCTTCAGTTGATTTAGCTATTTTTTCTCTACATTTAGCAGGAATTTCCTCAATTTTAGGAGCAATTAACTTTATTTGTACAATTCTTAATATAATACCAAATAATATAAAATTAAATCAAATCCCTCTTTTCCCTTGATCAATTTTAATTACAGCTATTTTATTAATTTTATCTCTA,Root,Metazoa,Arthropoda,Insecta,Hemiptera,Aphididae,NA,NA
TTTATCTTTAACTTTAGGACATAGGGGGGTTGCTGTAGATTTTGCTATTTTTTCTTTACATTTAGCAGGTATTTCTTCAATTCTAGGAGCTGTAAATTTTATTACAACTGTAATTAATATACGGTCAACAGGAATTTCATTAGATCGAATACCTTTATTTGTTTGATCAGTAGTAATTACTGCTTTATTATTACTTTTACCATTA,Root,Metazoa,Arthropoda,Insecta,NA,NA,NA,NA
ACTTTCATCCAATATCGCCCACGGAGGTCCATCTGTAGATTTGGCCATTTTTAGACTTCATTTAGCTGGAATTTCATCCATTTTAGGAGCAGTGAATTTTATTACAACTGTAATTGATATACGATCAACAGGAATTTCATTAGATCGTATACCTTTATTTGTTTGATCAGTAGTTATTACTGCTTTATTATTATTATTATCACTTC,Root,Metazoa,Arthropoda,Insecta,NA,NA,NA,NA
TCTATCCGCTGGAATTGCTCATGGTGGAGCTTCAGTTGATTTAGCTATTTTTTCTTTACATTTAGCAGGTATTTCTTCAATTATGGGAGCTATCAATTTTATTAGTACTATTTTTAATATACGATGTTTTAATGTTAAAATAGATCAAATTTCATCATTAATTTGATCTGTGTTAATTACAGCAGTTTTATTATTATTATCTCTA,Root,Metazoa,Arthropoda,Insecta,Hymenoptera,Braconidae,Aphidius,Aphidius colemani
ACTCTCATCCAATATCGCCCACGGAGGTTCATCTGTAGATTTGGCTATTTTTAGACTTCATTTAGCTGGAATTTCATCCATTTTAGGAGCAGTGAATTTTATTACTACTATTATTAATATGCGAAGATGTCTACATAACATAGAAGTAATTCCCTTATTTGTATGATCAGTATTAATTACTGCTTTCCTTTTACTTCTTGCCTTAC,Root,Metazoa,Arthropoda,Insecta,NA,NA,NA,NA
TTTATCAAATAACATTGCACATAACAATATTTCAGTTGATTTAACTATTTTTTCATTACATTTAGCAGGAATTTCATCTATTTTAGGAGCTGTAAATTTTATTACAACTGTAATTAATATACGATCAACAGGAATTACTCTAGATCGAATACCTTTATTTGTTTGATCTGTTGTAATTGCAGCTTTATTATTATTATTATCTTTAC,Root,Metazoa,Arthropoda,Insecta,NA,NA,NA,NA
TCTATCCGCTGGAATTGCTCATGGTGGAGCTTCAGTTGATTTTGCTATTTTTTCTTTACATTCAGCAGGTATTTCTTCAATTATGGGAGCTATCAATTTTATTAGTACTATTTTTAATATACGATGTTTTAATGTTAAAATAGATCAAATTTCATTATTAATTTGATCTGTGTTAATTACAGCAGTTTTATTATTATTATCTCTA,Root,Metazoa,Arthropoda,Insecta,Hymenoptera,Braconidae,Aphidius,Aphidius colemani
ACTCTCATCCAATATCGCCCACGGAGGTTCATCTGTAGATCTGGCCATTTTTAGACTTCATTTAGCTGGAATTTCATCCATTTTAGGAGCAGTGAATTTTATTACTACTGTAATTAATATACGAGCCCCCGGAATATCTTTTGATAAAATACCCTTATTTGTTTGATCTGTATTAATTACAGCAATTTTATTATTACTTTCACTTC,Root,Metazoa,Arthropoda,Insecta,NA,NA,NA,NA
TCTATCCGCTGGAATTGCTCATGGTGGAGCTTCAGTTGATTTAGCTATTTTTCTCTACATTTAGCAGGAATTTCATCAATTCTAGGAGCTATCAATTTTATTACTACTATTATTAATATGCGAAGATGTCTACATAACATAGAAGTAATTCCCTTATTTGTATGATCAGTATTAATTACTGCTTTCCTTTTACTTCTTGCCTTAC,Root,Metazoa,Arthropoda,Insecta,Hemiptera,Psyllidae,Acizzia,Acizzia alternata
CCTATCGTCTGTTATTGCACACGGAGGGGCTTCAGTTGATTTAGCTATTTTCTCACTTCACTTAGCTGGTATCTCATCGATTTTAGGAGCAGTAAATTTCATTACAACAGTTATTAATATACGATCTACAGGGATTTCATTAAACCAAATTCCATTATTCCCTTGATCAATTTTAATTACAGCTATATTATTAATTTTATCTTTA,Root,Metazoa,Arthropoda,Insecta,NA,NA,NA,NA
TTTATCTTTAACTTTAGGGCATAGGGGGGTTGCTGTAGATTTTGCTATTTTTTCTTTACATTTAGCCGGAATCTCTTCAATTTTAGGGGCAGTTAATTTTATTACAACTGTAATTAATATACGATCAACAGGAATTACTCTTGATCGTATACCTATATTTGTTTGGTCAGTCGTAATTACTGCACTTTTATTATTATTATCTCTTC,Root,Metazoa,Arthropoda,Insecta,NA,NA,NA,NA
TTTATCTAATAATATTGCTCATAATAATATTTCAGTTGATTTAACAATTTTTTCTTTACATTTAGCAGGTATTTCTTCAATTATGGGAGCTATCAATTTTATTAGTACTATTTTTAATATACGATGTTTTAATGTTAAAATAGATCAAATTTCATTATTAATTTGATCTGTGTTAATTTCAGCAGTTTTATTATTATTATCTCTA,Root,Metazoa,Arthropoda,Insecta,Hymenoptera,Braconidae,Aphidius,Aphidius colemani
ATTATCATTAACTTTAGGTCATAGAGGTGTAGCAGTAGATTTTGCTATTTTTTCTTTACATTTAGCTGGTATTTCATCTATTATAGGAGCAATTAATTTTATCACAACCGTAATTAATATGCGACCGACAGGAATATCATTTGATCGAATACCGTTATTTGTATGAGCTGTTGTTATTACGGCTATCTTGCTATTACTATCCCTA,Root,Metazoa,Arthropoda,NA,NA,NA,NA,NA
CCTGTCATCTAATATCGCCCATGGAGGTTCATCAGTTGATTTAGCTATTTTTAGATTACATTTAGCAGGGATTTCATCTATTCTAGGAGCTGTAAATTTTATCACAACCGTAATTAATATACGACCCACAGGAATAACATTTGATCGAATACCCCTATACGTTTGAGCTGTTGTTATTACCGCAATTCTACTGCTTCTTTCACTACCC,Root,Metazoa,Arthropoda,Insecta,Coleoptera,NA,NA,NA
CCTATCATCTGTTATTGCTCACGGAGGGGCATCCGTTGATTTAGCTATTTTCTCACTTCACTTAGCCGGTATTTTTCCAATTCTAGGAGCCGTAAATTTCATTACGACAGTAATTAATATACGACCAACAGGAATTTCATTTGACCGAATACCTCTTTTCGTTTGAGCAGTTTTATTAACAGCTCTATTACTTTTACTATCATTA,Root,Metazoa,Arthropoda,Insecta,Diptera,NA,NA,NA
TCTATCCGCTGGAATTGCTCATGGTGGAGCTTCAGTTGATTTAGCTATTTTTAGACTTCATTTAGCTGGAATTTCATCCATTTTAGGAGCAGTGAATTTTATTACTACTGTAATTAATATACGACCCACAGGAATAACATTTGATCGAGTACCCCTATTCGTTTGAGCTGTTGTTATTACCGCAATTCTACTGCTTCTTTCACTAC,Root,Metazoa,Arthropoda,Insecta,Coleoptera,NA,NA,NA
TCTATCCGCTGGAATTGCTCATGGTGGAGCTTCAGTTGATTTGGCTATTTTTTCTTTACATTTAGCTGGTATTTCATCTATTATAGGAGCAATTAATTTTATTAGTACAATTTTTAATATACGACCTTATAACATTAAAATAGATCAAATTTCTTTATTAGTTTGGTCAGTACTAATTACTGCTGTATTACTATTATTATCTTTA,Root,Metazoa,Arthropoda,Insecta,Hymenoptera,Braconidae,NA,NA
CTATCAAACTCTATATTCCATAGTGGCTACTCAGTAGACTTAGCAATTTTTTCTTTACATTTAGCAGGAATTTCATCAATTTTAGGAGCAGTGAATTTTATTACTACTGTAATTAATATACGACCCACAGGAATAACATTTGATCGAATACCCCTATTCGTTTGAGCTGTTGTTATTACCGCAATTCTACTGCTTCTTTCACTACCC,Root,Metazoa,Arthropoda,Insecta,NA,NA,NA,NA
TTTATCTTTAACTTTAGGACATAGGGGGGTTGCTGTAGATTTTGCTATTTTTTCTCTACATTTAGCAGGAATTTCTTCAATTTTAGGAGCTGTAAATTTTATTACAGCTGTAATTAATATACGATCAACAGGAATTTCATTAGATCGTATACCTTTATTTGTTTGATCAGTAGTTATTACTGCTTTATTATTATTATTATCACTT,Root,Metazoa,Arthropoda,Insecta,NA,NA,NA,NA
CCTATCTACTATAATCCCACACTCTGGAGCATCTGTAGACCTATCAATTTTTTCCCTACATCTAGCGGGAATTTCTTCAATTTTAGGAGCTGTAAATTTTACTACAACTGTAATTAATATACGATCAACAGGAATTTCATTAGATCGTATACCTTTATTTGTTTGATCAGTAGTTATTACTGCTTTATTATTATTATTATCACTT,Root,Metazoa,Arthropoda,Insecta,NA,NA,NA,NA
ACTTTCATCCAATATCGCCCACGGAGGTTCATCTGTAGATTTGGCCATTTTTAGACTTCATTTAGCTGGAATTTCATCCATTTTAGGAGCAGTGAATTTTATTACTACTGTAATTAATATACGACCCATAGGAATAACATTTGATCGAATACCCCCTTTTTGTATGATCAGTTTTAATTACAGCTTTCCTTTTACTTCTTGCTTTAC,Root,Metazoa,Arthropoda,Insecta,Coleoptera,NA,NA,NA
TTTATCTTTAACTTTAGGACATAGGGGGGTTGCTGTAGATTTTGCTATTTTTTCTTTACATTTAGCAGGTATTTCTTCAATTATGGGAGCTATCAATTTTATTACTACTGTAATTAATATACGACCCACAGGAATAACATTTGATCGAATACCCCTATTCGTTTGAGCTGTTGTTATTACCGCAATTCTACTGCTTCTTTCGCTACCC,Root,Metazoa,Arthropoda,NA,NA,NA,NA,NA
ATTATCAGGATTACAAAGTCACAGTGGACCTAGTGTAGATATGGCTATATTTGCTTTACACCTATCAGGGGTAAGTAGTTTATTAGGAGCAATAAACTTTATAACTACTATAGCAGATATGAGAACACCTGGAATAAAATTACATAAATTAACTTTATTCGGGTGAGCTGTAGGAATAACAGCTATATTATTATTATTATCATTA,Root,Metazoa,Arthropoda,Insecta,NA,NA,NA,NA
ATTATCAGGTATTGCTTCTCACTCTGGTGGATCTGTAGGTTTAGCTATTTTCAGTCTTCACTTATCTGGTATTTCTTCTATGTTAGGTGCAATGAACTTTATTACAACAATTATTAATATGAGAGCTCCTGGAATGTCATTCCATAAAATGCCTCTATTTGTATGGGCTGTATTAATTGCAGCAGTTCTATTACTTCTATCTTTAC,Root,Metazoa,Arthropoda,Insecta,Coleoptera,Elateridae,Alaus,Alaus melanops
TCTATCCGCTGGAATTGCTCATGGTGGAGCTTCAGTTGATTTAGCTATTTTTTCTCTACATTTAGCAGGAATTTCTTCAATTTTAGGAGCTGTAAATTTTATTACAACTGTAATTAATATACGATCAACAGGAATTTCATTAGATCGTATACCTTTATTTGTTTGATCAGTAGTTATTACTGCTTTATTATTATTATTATCACTTC,Root,Metazoa,Arthropoda,Insecta,Diptera,Drosophilidae,Drosophila,Drosophila melanogaster
CCTATCAAACTCTATATTCCATAGTGGCTACTCAGTAGACATAGCAATTTTTTCTTTACATTTAGCAGGAATTTCATCAATTCTAGGAGCTATCAATTTTATTACTACTATTATTAATATGCGAAGATGTCTACATAACATAGAAGTAATTCCCTTATTTGTATGATCAGTATTAATTACTGCTTTCCTTTTACTTCTTGCCTTAC,Root,Metazoa,Arthropoda,Insecta,Hemiptera,Psyllidae,Acizzia,Acizzia alternata
TTTATCTTTAACTTTAGGACATAGGGGGGTTGCTGTAGATTTTGCTATTTTTTCTTTACATTTAGCAGGTATTTCTTCAATTATGGGAGCTATCAATTTTATTAGTACTATTTTTAATATACGATGTTTTAATGTTAAAATAGATCAAATTTCATTATTAATTTGATCTGTGTTAATTACAGCAGTTTTATTATTATTATCTCTAC,Root,Metazoa,Arthropoda,Insecta,Hymenoptera,Braconidae,Aphidius,Aphidius colemani
CCTATCGTCTGTTATTGCACACGGAGGGGCTTCAGTTGATTTAGCTATTTTCTCACTTCACTTAGCTGGTATCTCATCGATTTTAGGAGCAGTAAATTTCATTACAACAGTTATTAATATACGATCTACAGGAATTTCATTTGACCGAATGCCTCTTTTCGTTTGAGCAGTTGTATTAACAGCCCTATTACTTTTACTATCATTG,Root,Metazoa,Arthropoda,Insecta,Diptera,Tephritidae,Bactrocera,Bactrocera tryoni
ATTATCATTAACTTTAGGTCATAGAGGTGTAGCAGTAGATTTTGCTATTTTTTCTTTACATTTAGCTGGTATTTCATCTATTATAGGAGCAATTAATTTTATTAGTACAATTTTTAATATACGACCTTATAACATTAAAATAGATCAAATTTCTTTATTAGTTTGGTCAGTACTAATTACTGCTGTATTACTATTATTATCTTTAC,Root,Metazoa,Arthropoda,Insecta,Hymenoptera,Braconidae,Lysiphlebus,Lysiphlebus testaceipes
CCTATCGTCTGTTATTGCACACGGAGGAGCTTCAGTTGATTTAGCTATTTTCTCACTTCACTTAGCTGGTATCTCATCGATTTTAGGAGCAGTAAATTTCATTACAACAGTTATTAATATACGATCTACAGGAATTTCGTTTGACCGAATACCTCTTTTCGTTTGAGCAGTTGTATTAACAGCCCTATTACTTTTACTATCATTGC,Root,Metazoa,Arthropoda,Insecta,Diptera,Tephritidae,Bactrocera,Bactrocera tryoni/aquilonis/neohumeralis
CCTGTCATCTAATATCGCCCATGGAGGTTCATCAGTTGATTTAGCTATTTTTAGATTACATTTAGCAGGGATTTCATCTATTCTAGGAGCTGTAAATTTTATCACAACCGTAATTAATATGCGACCGACAGGAATATCATTTGATCGAATACCGTTATTTGTATGAGCTGTTGTTATTACAGCTATCTTGCTATTACTATCCCTAC,Root,Metazoa,Arthropoda,Insecta,Coleoptera,Nitidulidae,Carpophilus,Carpophilus nr.dimidiatus
TTTATCTAATAATATTGCTCATAATAATATTTCAGTTGATTTAACAATTTTTTCTCTACATTTAGCAGGAATCTCATCAATTTTAGGAGCAATTAATTTTATTTGTACAATTTTAAATATAATACCTAATAATATAAAATTAAACCAAATTCCATTATTCCCTTGATCAATTTTAATTACAGCTATATTATTAATTTTATCTTTA,Root,Metazoa,Arthropoda,Insecta,Hemiptera,Aphididae,Rhopalosiphum,Rhopalosiphum padi
ACTCTCATCCAATATCGCCCACGGAGGTTCATCTGTAGATTTGGCCATTTTTAGACTTCATTTAGCTGGAATTTCATCCATTTTAGGAGCAGTGAATTTTATTACTACTGTAATTAATATACGACCCACAGGAATAACATTTGATCGAATACCCCTATTCGTTTGAGCTGTTGTTATTACCGCAATTCTACTGCTTCTTTCACTA,Root,Metazoa,Arthropoda,Insecta,Coleoptera,Nitidulidae,Carpophilus,Carpophilus davidsoni
ACTCTCATCCAATATTGCCCACGGAGGTTCATCTGTAGATTTGGCCATTTTTAGACTTCATTTAGCTGGAATTTCATCCATTTTAGGAGCAGTGAATTTTATTACTACTGTAATTAATATACGACCCACAGGAATAACATTTGATCGAATACCCCTATTCGTTTGAGCTGTTGTTATTACCGCAATTCTACTGCTTCTTTCACTA,Root,Metazoa,Arthropoda,Insecta,Coleoptera,Nitidulidae,Carpophilus,Carpophilus davidsoni
TTTATCTGCTGGAATTGCCCACGGTGGAGCTTCAGTTGATTTAGCTATTTTTTCTTTACACTTAGCGGGAATTTCCTCAATTCTAGGAGCTGTAAATTTTATTACAACTGTAATTAATATACGGTCAACAGGAATTTCATTAGATCGAATACCTTTATTTGTTTGATCAGTAGTAATTACTGCTTTATTATTACTTTTATCATTAC,Root,Metazoa,Arthropoda,Insecta,Diptera,Drosophilidae,Drosophila,Drosophila simulans
TCTATCATCAGGAATCGCCCATGGAGGAGCTTCTGTAGATTTAGCTATTTTTTCTTTACATTTAGCCGGAATCTCTTCAATTTTAGGGGCAGTTAATTTTATTACAACTGTAATTAATATACGATCAACAGGAATTACTCTTGATCGTATACCTTTATTTGTTTGGTCAGTCGTAATTACTGCACTTTTATTATTATTATCTCTT,Root,Metazoa,Arthropoda,Insecta,Diptera,Drosophilidae,Drosophila,Drosophila hydei
ACTCTCATCCAATATCGCCCACGGAGGTTCATCTGTAGATTTGGCCATTTTTAGACTTCATTTAGCTGGAATTTCATCCATTTTAGGAGCAGTGAATTTTATTACTACTGTAATTAATATGCGACCCACAGGAATAACATTTGATCGAATACCCCTATTCGTTTGAGCTGTTGTTATTACCGCAATTCTACTGCTTCTTTCACTA,Root,Metazoa,Arthropoda,Insecta,Coleoptera,Nitidulidae,Carpophilus,Carpophilus davidsoni
TTTATCTTCAGGAATTGCCCATAGAGGAGCTTCAGTTGATTTAGCTATTTTTTCTCTTCATTTAGCAGGAATTTCATCTATTTTAGGAGCTGTAAATTTTATTACAACTGTAATTAATATACGATCAACAGGAATTACTCTAGATCGAATACCTTTATTTGTTTGATCTGTTGTAATTACAGCTTTATTATTATTATTATCTTTAC,Root,Metazoa,Arthropoda,Insecta,Diptera,Drosophilidae,Scaptodrosophila,Scaptodrosophila lattivitata
TTTATCAAATAACATTGCACATAACAATATTTCAGTTGATTTAACTATTTTTTCATTACATTTAGCAGGAATCTCCTCAATTTTAGGAGCAATTAACTTTATTTGTACAATTCTTAATATAATACCAAATAATATAAAATTAAATCAAATCCCTCTTTTCCCTTGATCAATTTTAATTACAGCTATTTTATTAATTTTATCTTTA,Root,Metazoa,Arthropoda,Insecta,Hemiptera,Aphididae,Metopolophium,Metopolophium dirhodum
ATTATCAAATAATATTGCTCATAATAATATTTCAGTTGATTTAACTATTTTTTCTTTACACTTAGCAGGAATTTCATCAATTTTAGGAGCAATTAATTTTATTTGTACAATTTTAAATATAATACCTAATAATTTAAAATTAAATCAAATTCCTCTTTTTCCATGATCAATTCTAATTACAGCTATTCTATTAATCTTATCTTTA,Root,Metazoa,Arthropoda,Insecta,Hemiptera,Aphididae,Diuraphis,Diuraphis noxia
CCTATCGTCTGTTATTGCACACGGAGGGGCTTCAGTTGATTTAGCTATTTTCTCACTTCACTTAGCTGGTATCTCATCGATTTTAGGAGCAGTGAATTTCATTACAACAGTTATTAATATACGATCTACAGGAATTTCGTTTGACCGAATACCTCTTTTCGTTTGAGCAGTTGTATTAACAGCCCTATTACTTTTACTATCATTGC,Root,Metazoa,Arthropoda,Insecta,Diptera,Tephritidae,Bactrocera,Bactrocera tryoni/melas
CCTATCTACTATAATCTCACACTCTGGAGCATCTGTAGACCTATCAATTTTTTCCCTACATCTAGCGGGAATTTCTTCAATTTTAGGAGCAGTAAATTTTATTTCAACAATTATTAACATACGAGCCCCCGGAATATCTTTTGATAAAATACCCTTATTTGTTTGATCTGTATTAATTACAGCAATTTTATTATTACTTTCACTT,Root,Metazoa,Arthropoda,Insecta,NA,NA,NA,NA
GCTCTCATCCAATATCGCCCACGGAGGTTCATCTGTAGATTTGGCCATTTTTAGACTTCATTTAGCTGGAATTTCATCCATTTTAGGAGCAGTGAATTTTATTACTACTGTAATTAATATACGACCCACAGGAATAACATTTGATCGAATACCCCTATTCGTTTGAGCTGTTGTTATTACCGCAATTCTACTACTTCTTTCACTA,Root,Metazoa,Arthropoda,Insecta,Coleoptera,Nitidulidae,Carpophilus,Carpophilus davidsoni
ACTCTCATCCAATATCGCCCACGGAGGTTCATCTGTAGATTTGGCCATTTTTAGACTTCATTTAGCTGGAATTTCATCCATTTTAGGAGCAGTGAATTTTATTACTACTGTAATTAATATACGACCCACAGGAATAACATTTGATCGAATACCCCTATTCGTTTGAGCTGTTGTTATTACCGCAATTCTACTACTTCTTTCACTA,Root,Metazoa,Arthropoda,Insecta,Coleoptera,Nitidulidae,Carpophilus,Carpophilus davidsoni
TCTATCACAGGTAATGTCCCATCCAAGTGCAGGAGTTGACATTGCTATACTTGCACTTCATGTTGCTGGTATGTCGTCAATTGTTGGGGCGATCAACTTTATAGTTACTATATTTAACATGCGCACAAAAGGAATGTCATTAACTAAGATGCCACTGTTTGTTTGGTCTGTCTTGCTAACAGCATTTATGTTGATTGTTGCCTTA,Root,Metazoa,Arthropoda,Insecta,Lepidoptera,Hesperiidae,Bolla,Bolla atahuallpai
ATTATCTAATAATATTGCTCATAATAATATTTCAGTTGATTTAACAATTTTTTCACTTCATTTAGCAGGAATTTCCTCAATCTTAGGAGCAATTAATTTTATTTGTACAATTTTAAATATAATACCTAATAATATAAAACTAAATCAAATTCCACTTTTCCCTTGATCAATTTTAATCACAGCTATACTATTAATCTTATCACTA,Root,Metazoa,Arthropoda,Insecta,Hemiptera,Aphididae,NA,NA
ACTATCTACTACAATCTCACACTCTGGAGCATCTGTAGACCTATCAATTTTTTCCCTACATCTAGCGGGAATTTCTTCAATTTTAGGAGCAGTTAATTTTATTTCAACAATTATTAACATACGAGCCCCCGGAATATCTTTTGATAAAATACCCTTATTTGTTTGATCTGTGTTAATTACAGCCATTTTATTATTACTTTCACTT,Root,Metazoa,Arthropoda,Insecta,NA,NA,NA,NA
CCTATCGTCTGTTATTGCACACGGAGGGGCTTCAGTTGATTTAGCTATTTTCTCACTTCACTTAGCTGGTATCTCATCGATTTTAGGAGCAGTAAATTTCATTACAACAGTTATTAATATACGATCTACAGGAATTTCGTTTGACCGAATACCTCTTTTCGTTTGAGCAGTTGTATTAACAGCCCTATTACTTTTACTATCATTG,Root,Metazoa,Arthropoda,Insecta,Diptera,Tephritidae,Bactrocera,Bactrocera tryoni/aquilonis/neohumeralis
ACTCTCATCCAATATCGCCCACGGAGGTTCATCTGTAGATTTGGCCATTTTTAGACTTCATTTAGCTGGAATTTCATCCATTTTAGGAGCAGTGAATTTTATTACTACTGTAATTAATATACGACCCACAGGAATAACATTTGATCGAATACCCCTATTCGTTTGAGCTGTTGTTATTACCGCAATTCTACTTCTTCTTTCACTA,Root,Metazoa,Arthropoda,Insecta,Coleoptera,Nitidulidae,Carpophilus,Carpophilus davidsoni
TTTATCACAGGTAATGTCCCATCCAAGTGCAGGAGTTGACATTGCTATACTTGCACTTCATGTTGCTGGTATGTCGTCAATTGTTGGGGCGATCAACTTTATAGTTACTATATTTAACATGCGCGCAAAAGGCATGTCATTAACTAAGATGCCACTGTTTGTTTGGTCTGTCTTGCTAACAGCATTTATGTTGATTGTTGCCTTAC,Root,Metazoa,Arthropoda,Insecta,Lepidoptera,Hesperiidae,Bolla,Bolla atahuallpai
ACTCTCATCCAATATCGCCCACGGAGGTTCATCTGTAGATTTGGCCATTTTTAGGCTTCATTTAGCTGGAATTTCATCCATTTTAGGAGCAGTGAATTTTATTACTACTGTAATTAATATACGACCCACAGGAATAACATTTGATCGAATACCCCTATTCGTTTGAGCTGTTGTTATTACCGCAATTCTACTTCTTCTTTCACTA,Root,Metazoa,Arthropoda,Insecta,Coleoptera,Nitidulidae,Carpophilus,Carpophilus davidsoni
CCTATCGTCTGTTATTGCACACGGAGGGGCTTCAGTTGATTTAGCTATTTTCTCACTTCACTTAGCTGGTATCTCATCGATTTTAGGAGCAGTAAATTTCATTACAACAGTTATTAATATACGATCTACAGGGATTTCGTTTGACCGAATACCTCTTTTCGTTTGAGCAGTTGTATTAACAGCCCTATTACTTTTACTATCATTGC,Root,Metazoa,Arthropoda,Insecta,Diptera,Tephritidae,Bactrocera,Bactrocera melas/aquilonis/tryoni
CCCTATCTACTACAATCTCGCACTCTGGAGCATCCGTAGATCTATCAATTTTTTCCCTACATCTAGCGGGAATCTCTTCAATTTTAGGAGCAGTTAATTTTATTTCAACAATTATTAACATACGAGCCCCCGGGATATCTTTTGATAAAATACCCTTATTTGTTTGATCTGTGTTAATTACAGCCATTTTATTATTACTTTCACTT,Root,Metazoa,Arthropoda,Insecta,NA,NA,NA,NA
TCTGTCATCTAATATCGCCCATGGAGGTTCATCAGTTGATTTAGCTATTTTTAGATTACATTTAGCAGGGATTTCATCTATTCTAGGAGCTGTAAATTTTATCACAACCGTAATTAATATGCGACCAACAGGAATATCATTTGATCGAATACCATTGTTTGTATGAGCTGTTGTTATTACAGCTATCTTGCTATTACTATCCCTAC,Root,Metazoa,Arthropoda,Insecta,Coleoptera,Nitidulidae,Carpophilus,Carpophilus nr.dimidiatus
TCTATCTACTACAATCTCGCACTCCGGAGCATCTGTAGACCTATCAATTTTTTCCCTCCATCTAGCAGGAATTTCTTCAATTTTAGGAGCAGTTAATTTTATTTCAACAATTATTAATATACGAGCCCCCGGCATATCTTTTGATAAAATACCATTATTTGTTTGATCTGTATTAATTACAGCAATTTTACTATTACTTTCACTT,Root,Metazoa,Arthropoda,NA,NA,NA,NA,NA
CCTATCATCAGGGATTGCTCATGGAGGAGCTTCTGTAGATTTAGCTATTTTTTCTTTACATTTAGCCGGAATTTCTTTAATTTTAGGGGCAGTTAATTTTATCACTACTGTAATTAATATACGATCAACAGGAATTACTCTTGATCGTATACCTTTATTTGTTTGATCAGTTGTAATTACTGCACTTTTGTTATTATTGTCACTT,Root,Metazoa,Arthropoda,Insecta,Diptera,NA,NA,NA
CCTATCATCAGGGATTGCTCATGGAGGAGCTTCTGTAGATTTAGCTATTTTTTCTTTACATTTAGCCGGAATTTCTTTAATTTTAGGGGCAGTTAATTTTATCACTACTGTAATTAATATACGATCAACAGAAATTACTCTTGATCGTATACCTTTATTTGTTTGATCAGTTGTAATTACTGCACTTTTGTTATTATTGTCACTT,Root,Metazoa,Arthropoda,Insecta,NA,NA,NA,NA
CCTATCGTCTGTTATTGCACACGGAGGGGCTTCAGTTGATTTAGCTATTTTCTCACTTCACTTAGCTGGTATCTCATCGATTTTAGGAGCAGTAAATTTCATTACAACAGTTATTAATATACGATCTACAGGAATTTCGTTTGACCGGATACCTCTTTTCGTTTGAGCAGTTGTATTAACAGCCCTATTACTTTTACTATCATTGC,Root,Metazoa,Arthropoda,Insecta,Diptera,Tephritidae,Bactrocera,Bactrocera tryoni/aquilonis/neohumeralis
TTTATCAAATAACATTGCACATAACAATATTTCAGTTGATTTAACTATTTTTTCCTTACATTTAGCAGGAATCTCCTCAATTTTAGGAGCAATTAACTTTATTTGTACAATTCTTAATATAATACCAAATAATATAAAATTAAATCAAATTCCTCTTTTTCCTTGATCAATTCTAATTACAGCTATTTTATTAATTTTATCTTTA,Root,Metazoa,Arthropoda,Insecta,Hemiptera,Aphididae,Metopolophium,Metopolophium dirhodum
CCTATCTACTACAATCTCGCACTCTGGAGCATCCGTAGATCTATCAATTTTTTCCCTACATCTAGCGGGAATCTCTTCAATTTTAGGAGCAGTTAATTTTATTTCAACAATTATTAACATACGAGCCCCCGGGATATCTTTTGATAAAATACCCTTATTTGTTTGATCTGTGTTAATTACAGCCATTTTATTATTACTTTCACTT,Root,Metazoa,Arthropoda,Insecta,NA,NA,NA,NA
CCTATCTACTATAATCTCACACTCTGGAACATCTGTAGACCTATCAATTTTTTCCCTACATCTAGCGGGAATTTCTTCAATTTTAGGAGCAGTAAATTTTATTTCAACAATTATTAACATACGAGCCCCCGGAATATCTTTTGATAAAATACCCTTATTTGTTTGATCTGTATTAATTACAGCAATTTTATTATTACTTTCACTTC,Root,Metazoa,Arthropoda,Insecta,NA,NA,NA,NA
TCTATCAACAGGAATCGCCCATGGAGGAGCTTCTGTAGATTTAGCTATTTTTTCTTTACATTTAGCCGGAATCTCTTCAATTTTAGGGGCAGTTAATTTTATTACAACTGTAATTAATATACGATCAACAGGAATTACTCTTGATCGTATACCTTTATTTGTTTGGTCAGTCGTAATTACTGCACTTTTATTATTATTATCACTT,Root,Metazoa,Arthropoda,Insecta,Diptera,Drosophilidae,Drosophila,Drosophila hydei
TCTATCATCATGAATCGCCCATGGAGGAGCTTCTGTAGATTTAGCTATTTTTTCTTTACATTTAGCCGGAATCTCTTCAATTTTAGGGGCAGTTAATTTTATTACAACTGTAATTAATATACGATCAACAGGAATTACTCTTGATCGTATACCTTTATTTGTTTGGTCAGTCGTAATTACTGCACTTTTATTATTATTATCACTT,Root,Metazoa,Arthropoda,Insecta,Diptera,Drosophilidae,Drosophila,Drosophila hydei
TTTATCAAACAACATTGCAACATAATAATATTTCAGTTGATTTAACTATTTTTTCTTTACATTTAGCAGGAATTTCTTCAATTTTAGGAGCAATTAACTTTATTTGTATGATTCTTAATATAATACCAAATAATATAAAATTAAATCAAATTCCTCTTTTCCCTTGATCAATTTTAATTACAGCTATTTTATTAATTTTATCTTTA,Root,Metazoa,Arthropoda,Insecta,Hemiptera,Aphididae,NA,NA
ACTGGCAGGACTACAAAGTCATTCAGGAGGATCAATTGATCTAGCTATCTTTAGTCTTCACCTATCAGGTATCTCATCTATGCTAGGTGCTATGAACTTCATGGTAACTATCCTGAATATGCGAGCTTCAGGTATGACAATGTACAAAATGCCACTATTTGTATGGGCAGTATTTGTAACATCAATTCTACTTATTACTACACTA,Root,Metazoa,Arthropoda,Insecta,Trichoptera,Calamoceratidae,Phylloicus,Phylloicus priapulus
TCTGTCATCTAATATCGCCCATGGAGGTTCATCAGTTGATTTAGCTATTTTTAGATTACATTTAGCAGGGATTTCATCTATTCTAGGAGCTGTAAATTTCATCACAACCGTAATTAATATACGACCGACAGGAATATCGTTTGATCGAATACCATTATTTGTATGAGCTGTTGTTATTACAGCTATCTTGCTATTACTATCCCTA,Root,Metazoa,Arthropoda,Insecta,Coleoptera,Nitidulidae,Carpophilus,Carpophilus nr.dimidiatus
ATTATCAGGTATACAAAGTCACAGTGGTCCTAGTGTAGATTTAGCTATCTTCGCTCTACATCTATCAGGGATAAGTAGTCTATTAGGGGCTATGAATTTTATAACTACTATACTTAATATGAGAAGTCCAGGAATAAGACTACACAAATTGGCTTTATTTGGTTGAGCAGTAGTGGTAACAGCCGTGTTATTACTTTTATCTTTA,Root,Metazoa,Arthropoda,Insecta,Hemiptera,NA,NA,NA
TTTATCAAATAACATTGCTCATAATAATATTTCAGTTGATTTAACTATTTTTTCCTTACATTTAGCAGGAATTTCCTCAATTTTAGGAGCAATTAACTTTATTTGTACAATTCTTAATATAATACCAAATAATATAAAATTAAATCAAATTCCTCTTTTTTCTTGATCAATTTTAATTACACCTATTTTATTAATTTCATCTTTA,Root,Metazoa,Arthropoda,Insecta,Hemiptera,Aphididae,NA,NA
TTTATCAAACAACATTGCGACATAATAATATTTCAGTTGATTTAACTATTTTTTCTTTACATTTAGCAGGAATTTCTTCAATTTTAGGAGCAATTAACTTTATTTGTATGATTCTTAATATAATACCAAATAATATAAAATTAAATCAAATTCCTCTTTTCCCTTGATCAATTTTAATTACAGCTATTTTATTAATTTTATCTTTA,Root,Metazoa,Arthropoda,Insecta,Hemiptera,Aphididae,NA,NA
